# callgrind format
version: 1
creator: callgrind-3.26.0
pid: 503755
cmd:  ./../vkcube/build/vkcube
part: 3


desc: I1 cache: 
desc: D1 cache: 
desc: LL cache: 

desc: Timerange: Basic block 20106754 - 30166249
desc: Trigger: --dump-every-bb=10000000

positions: line
events: Ir
summary: 27482953


ob=(2) /usr/lib/libc.so.6
fl=(254) /usr/src/debug/glibc/glibc/nptl/cancellation.c
fn=(930) __internal_syscall_cancel

fl=(1392) /usr/src/debug/glibc/glibc/stdlib/qsort.c
fn=(10024) qsort
423 80
+1 160
cfn=(10026) qsort_r
calls=80 -28 
* 2995

fn=(17084) qsort_r_mergesort
345 30
+1 10
133 5
360 5
141 5
-8 15
360 20
202 30
cfn=(17086) msort_with_tmp.part.0
calls=5 -5 
* 580
370 25
136 5
-1 10
+6 5
-4 10

fn=(10026)
396 1120
+1 175
+7 5
-1 10
-2 5
+5 10
+3 35
cfn=(17084)
calls=5 -64 
* 755
+8 880

fn=(17086)
197 25
+8 5
-8 5
+8 5
-8 5
+9 5
-9 5
+9 5
-9 5
+11 5
-11 10
+11 5
-11 5
+11 5
-6 20
+5 10
+69 20
cob=(39) /home/dudkin.i/mesa/lib/libvulkan_lvp.so
cfi=(1889) /home/dudkin.i/mesa/mesa/build/../src/gallium/auxiliary/tgsi/tgsi_ureg.c
cfn=(17088) output_sort
calls=5 1829 
* 80
+2 5
-2 10
-63 5
+1 5
-1 5
+1 5
+1 10
+1 5
+1 5
-1 5
+1 30
+77 5
-2 10
fi=(1298) /usr/src/debug/glibc/glibc/stdlib/../string/bits/string_fortified.h
29 5
fe=(1392)
294 5
fi=(1298)
29 5
fe=(1392)
294 5
fi=(1298)
29 5
fe=(1392)
295 35
fi=(1298)
29 5
cfi=(224) /usr/src/debug/glibc/glibc/string/../sysdeps/x86_64/multiarch/memmove-vec-unaligned-erms.S
cfn=(786) __memcpy_avx_unaligned_erms
calls=5 255 
* 60
fe=(1392)
278 15
cfi=(224)
cfn=(9230) __mempcpy_avx_unaligned_erms
calls=5 -36 
* 70
+1 5
-1 5
-4 10
+6 10
-6 10

fl=(228) /usr/src/debug/glibc/glibc/stdio-common/Xprintf_buffer_done.c
fn=(794) __printf_buffer_done
25 250
+1 750
+5 500
+2 2750
+7 250

fl=(236) /usr/src/debug/glibc/glibc/csu/../sysdeps/nptl/libc_start_call_main.h
fn=(860) (below main)
cob=(14) /home/dudkin.i/mesa/vkcube/build/vkcube
cfi=(240) /home/dudkin.i/mesa/vkcube/build/../main.c
cfn=(868) main
calls=0 1801 
58 27482953

fl=(1413) /usr/src/debug/glibc/glibc/nptl/pthread_create.c
fn=(10318) start_thread

fl=(222) /usr/src/debug/glibc/glibc/string/../sysdeps/x86_64/multiarch/strchr-avx2.S
fn=(782) __strchrnul_avx2
53 500
+2 500
+1 500
+1 500
+1 500
+1 500
+3 500
+1 500
+4 500
+1 500
+1 500
+1 500
+1 500
+1 500
+1 500
+1 500
+13 500
+2 1000

fl=(223) /usr/src/debug/glibc/glibc/stdio-common/Xprintf_buffer_write.c
fn=(784) __printf_buffer_write
27 750
+1 2250
-1 5250
+4 2500
+2 1000
+3 625
fi=(1584) /usr/src/debug/glibc/glibc/stdio-common/../string/bits/string_fortified.h
-7 625
fe=(223)
+8 1250
fi=(1584)
-8 625
fe=(223)
+12 625
fi=(1584)
-12 625
cfi=(224)
cfn=(786)
calls=625 255 
* 10525
fe=(223)
+11 1875
-9 1250
+2 2125
cfi=(1601) /usr/src/debug/glibc/glibc/stdio-common/Xprintf_buffer_flush.c
cfn=(11454) __printf_buffer_flush
calls=125 +28 
* 5625
* 250
+2 500
+9 4500

fl=(226) /usr/src/debug/glibc/glibc/stdio-common/_fitoa_word.c
fn=(790) _itoa_word
24 250
+1 250
-1 250
+1 750
+4 500
+9 250
-9 750
+9 4290
+9 500

fl=(266) /usr/src/debug/glibc/glibc/misc/../sysdeps/unix/sysv/linux/brk.c
fn=(990) brk
36 11
fi=(1585) /usr/src/debug/glibc/glibc/misc/../sysdeps/unix/sysv/linux/brk_call.h
-12 22
fe=(266)
+13 22
+1 22
+6 4
+1 4
-5 14
+1 14

fl=(288) /usr/src/debug/glibc/glibc/string/../sysdeps/x86_64/multiarch/memcmp-avx2-movbe.S
fn=(1086) __memcmp_avx2_movbe
73 1140
+7 1140
+1 1140
401 1140
+1 1140
+5 1140
+1 1140
+1 1140
+1 1140
+1 1140
+3 1054
+1 1054
+1 1054
+1 1054
+3 1054
+1 1054
+1 1054
+1 2108
+6 86
+1 86
+2 86
+1 86
+43 86
+1 86
+1 86
+1 86
+1 86
+1 86
+1 86
+2 86
+2 86

fl=(1364) /usr/src/debug/glibc/glibc/misc/../sysdeps/unix/sysv/linux/mmap64.c
fn=(9820) mmap
47 7
+3 14
-3 42
+6 14
+5 42
+2 28
-7 35

fl=(221) /usr/src/debug/glibc/glibc/stdio-common/vfprintf-internal.c
fn=(778) __printf_buffer
601 2500
fi=(1405) /usr/src/debug/glibc/glibc/stdio-common/printf-parse.h
82 250
fe=(221)
601 500
fi=(1405)
82 250
fe=(221)
601 500
+27 750
+9 250
-9 250
+9 250
-9 250
+9 500
fi=(1405)
82 250
cob=(4) ???
cfi=(196) ???
cfn=(780) 0x0000000004ad3290
calls=250 -82 
* 5250
fe=(221)
653 250
-1 250
+1 250
fi=(1405)
82 500
fe=(221)
653 250
-1 250
cfi=(223)
cfn=(784)
calls=250 27 
* 24365
+2 750
+4 500
+4 1750
-32 250
+11 250
-8 250
+29 250
+42 1000
1043 2750
704 500
-12 250
+6 250
+6 500
-13 250
-1 250
+14 250
-10 250
-8 250
+11 250
+7 500
-11 250
-8 250
-1 250
+20 500
-21 250
-1 250
+22 250
-15 500
1023 250
fi=(1405)
82 250
fe=(221)
1017 250
fi=(1405)
82 500
cob=(4)
cfi=(196)
cfn=(780)
calls=250 -82 
* 5250
fe=(221)
1027 500
+1 250
fi=(1405)
82 250
fe=(221)
1028 250
-1 250
cfi=(223)
cfn=(784)
calls=250 27 
* 4750
+3 500
fi=(225) /usr/src/debug/glibc/glibc/stdio-common/vfprintf-process-arg.c
136 500
+19 2750
cfi=(226)
cfn=(790)
calls=250 24 
* 7790
+9 250
-3 250
-6 250
+6 250
+3 250
+6 500
-9 250
+3 250
-3 250
+2 250
+7 250
-9 750
+36 270
fi=(227) /usr/src/debug/glibc/glibc/stdio-common/../include/printf_buffer.h
-34 320
fi=(225)
+70 480
+3 500
-49 500
-1 500
+1 360
-32 250
+15 250
-32 250
+32 250
-15 250
+15 500
67 250
fe=(221)
783 500
fi=(225)
48 500
197 480
+43 1000
cfi=(223)
cfn=(784)
calls=250 27 
* 13660
* 250
-45 500
-21 250
+21 250
-34 250
+34 500
+4 270
+2 270
+7 540
fi=(227)
-45 360
fi=(225)
+67 90
-19 180
-12 320
+9 160
-9 320
+9 480
+3 320
fi=(227)
-48 320
fi=(225)
50 500
+2 500
+1 2000
-18 250
+22 250
+1 250
-1 250
+1 500
-1 250
+3 250
fe=(221)

fl=(291) /usr/src/debug/glibc/glibc/string/../sysdeps/x86_64/multiarch/memset-vec-unaligned-erms.S
fn=(1092) __memset_avx2_unaligned_erms
198 9306
+1 18612
+5 9306
+1 9306
+1 7569
+1 7569
+1 7569
+2 2454
+1 2454
+1 4908
+9 695
+1 695
+2 1390
+5 5115
+1 5115
+6 4915
+1 4915
+12 4915
+3 4915
+1 4915
+12 4220
+1 4220
+13 4220
+1 4220
+2 4220
+3 2652
+3 2652
+3 2652
+1 2652
+1 2652
+1 2652
+1 2652
+1 2652
+1 2652
-6 1991
+1 1991
+1 1991
+1 1991
+1 1991
+1 1991
+1 4643
+3 2652
+1 2652
+1 2652
+1 2652
+3 5304
-6 1568
+1 1568
+1 1568
+1 1568
+3 3136
+15 200
+1 200
+1 200
+1 200
+1 200
+1 6435895
+5 200
+2 400
+8 1737
+9 1737
+1 1737
+5 1235
+1 1235
+1 537
+1 537
+1 70
+1 70
+1 65
+1 35
+2 65
+17 502
+1 502
+1 502
+9 698
+1 698
+5 698
+8 467
+1 467
+5 467
+7 5
+1 5
+1 5
+5 5

fl=(234) /usr/src/debug/glibc/glibc/csu/../csu/libc-start.c
fn=(840) __libc_start_main@@GLIBC_2.34
cfi=(236)
cfn=(860)
calls=0 29 
360 27482953

fl=(193) /usr/src/debug/glibc/glibc/malloc/malloc.c
fn=(1266) unlink_chunk.isra.0
1619 706
+2 2118
-2 706
+2 1412
+3 706
+3 1412
-2 706
+2 1412
+3 706
+1 706
+1 1895
+2 266
+1 399
+3 266
+14 133
+1 133
+3 1412

fn=(974) malloc
3480 4072
1337 8144
+19 24432
3489 8144
+3 14640
-1 10980
+4 7320
+2 14640
3224 5600
+4 11200
+4 2800
+1 2800
3498 2800
+12 1272
cfn=(980) __libc_malloc2
calls=1272 -66 
* 273303

fn=(980)
3444 7632
+4 2544
+8 10176
+2 3816
cfn=(982) _int_malloc
calls=1272 3977 
* 224967
+3 2544
+8 5088
+4 3816
fi=(192) /usr/src/debug/glibc/glibc/malloc/arena.c
151 3816
fe=(193)
3473 2544
+3 6360

fn=(992) alloc_perturb
1995 724
+1 2172
+2 724

fn=(1006) free
3516 3830
+3 7660
+15 7420
-4 11130
+10 21260
+6 10380
+3 10380
+1 6920
+2 10380
3201 2337
+8 2337
-12 2337
+4 7011
+1 2337
+7 2337
3553 2337
-4 250
-22 250
+40 500
-40 1123
+40 2246
fi=(192)
151 4119
fe=(193)
3571 4119
cfn=(1110) _int_free_chunk
calls=1373 4634 
* 108126
-36 120

fn=(10184) systrim.constprop.0
2977 324
+2 108
+1 216
+5 108
+1 108
-1 216
+4 432
+2 216
-23 108
+30 108
-30 216
+30 324
cfi=(264) /usr/src/debug/glibc/glibc/malloc/morecore.c
cfn=(986) __glibc_morecore
calls=108 25 
* 2808
* 108
+1 432
+32 108
-50 108
+50 108

fn=(1408) _int_free_maybe_consolidate.part.0
4887 1826
+9 498
+3 378
+17 638
-19 80
cfn=(1304) malloc_consolidate
calls=40 +32 
* 10261
+2 120
+3 830
+1 432
+13 756
-13 108
cfn=(10184)
calls=108 2977 
* 6156

fn=(982)
3977 12968
1337 3242
+19 9726
4018 3242
1805 1621
4045 3242
+67 1550
-65 3100
+3 775
+2 1550
+2 252
-6 84
+9 168
+6 168
+1 168
+7 336
-1 168
+1 168
+5 168
3201 48
4076 252
+2 108
+2 144
+1 72
+2 72
3240 36
-43 36
+4 36
-4 36
+4 36
+1 36
4076 72
1996 378
4623 14589
4110 1692
+62 7250
+1 1836
+19 1350
+1 1350
-2 1350
+1 2700
+1 2700
-2 2700
+12 6750
-1 1936
+4 968
+3 968
-3 2040
+3 2040
+1 4512
-3 1504
+5 1504
+1 6016
+2 6016
-10 1504
+12 3008
+1 3008
+2 3008
+11 3670
+29 1337
+1 1337
+4 2674
+29 2540
+8 836
+1 60
+1 60
-1 60
+4 120
-4 74
+1 74
-1 74
+4 148
+50 2590
+9 1295
-9 6475
+2 1295
-1 1295
+2 1295
+7 1295
-6 1295
+6 2590
+1 6
+1 24
3247 28
-27 56
+4 56
+4 112
+4 28
+1 56
4384 28
4060 1236
+53 925
+2 925
-2 925
+2 1850
+2 187
+1 374
+6 187
-4 187
+1 187
+1 187
+2 374
+7 748
-1 561
+1 374
+5 561
+1 2622
+2 1078
-2 1216
1996 46
4153 46
1996 233
4153 141
1996 282
4087 468
-35 2073
4174 810
cfn=(1304)
calls=135 4929 
* 56618
* 675
+93 77
+1 77
-1 77
+1 154
-14 77
+19 154
+1 140
3197 35
+12 35
4277 35
3197 35
+4 140
+1 35
+7 35
4278 35
+98 5180
4203 3990
4382 1550
+11 3444
+2 1710
+3 570
-3 570
+3 1140
+1 3419
+67 1119
+1 1119
+1 1119
-1 1119
+1 1119
+1 2238
+1 3357
+5 4652
+16 1963
+2 3926
-4 5460
+8 767
+3 1534
+2 211
+1 211
+1 211
-2 844
-27 211
3201 108
4302 676
-70 440
+2 167
-1 334
+27 35
+1 35
+4 70
+29 100
+2 2322
+1 3483
+1 1161
-1 1161
+1 1197
+4 180
+52 134
-51 134
+51 402
4141 539
+1 539
+1 1078
3197 539
4145 539
3209 539
4146 539
3193 539
+4 539
+4 2156
+1 539
+7 539
+32 773
4112 1404
-47 2648
4482 1751
-3 2799
4579 563
+1 1126
+2 1126
+3 1689
+17 33
4484 297
+1 198
+24 2224
+3 1112
+2 556
+3 1112
-3 2224
+3 556
cfn=(1266)
calls=556 1619 
* 11812
+3 3336
+15 177
+1 354
+3 354
-9 177
+9 354
+1 177
+1 177
+3 354
+1 112
+1 354
+2 182
+3 728
+2 273
+1 91
1996 91
4557 91
1996 182
4551 688
+2 258
+1 86
1996 86
4557 86
1996 551
4557 379
1996 758
4523 379
-1 379
+1 758
4402 29
+1 174
+6 58
+5 29
+1 58
-1 116
+1 29
cfn=(1266)
calls=29 1619 
* 899
+3 174
4595 581
+1 1743
cfn=(992)
calls=581 1995 
* 2905
+1 581
-9 1656
+2 1104
-1 552
+1 552
-3 552
+3 552
+2 552
-2 2208
+2 1104
4238 132
-1 132
+3 132
-1 132
+1 264
+1 396
+1 264
+2 134
+4 536
+2 201
+1 67
+3 67
+1 201
cfn=(992)
calls=67 1995 
* 335
-7 520
+2 195
+1 65
+3 65
+1 195
cfn=(992)
calls=65 1995 
* 325
+1 132
4617 44
cfn=(984) sysmalloc
calls=11 2543 
* 3637
* 11
+1 22
+1 33
cfn=(992)
calls=11 1995 
* 55
* 11
4421 29
-1 29
+1 58

fn=(1114) _int_free_create_chunk
4817 662
-1 955
+7 382
+4 146
+4 292
+9 119
-1 119
+2 238
+2 238
+22 119
-5 119
+5 119
-4 119
+1 119
+1 119
+2 119
+1 119
+15 238
-16 72
-5 72
+5 72
-4 72
+1 72
+1 72
+2 72
+1 72
+15 189
-57 225
cfn=(1266)
calls=45 1619 
* 933
+1 180
+6 90
+19 144
+1 288
+1 72
+2 144
+3 504
+17 140
+1 420
+1 140
+5 140

fn=(1110)
4634 12896
1805 1612
4642 3224
+11 8967
2003 1281
4673 1281
2003 2562
4675 1281
+1 1281
+4 2562
+2 1281
-2 1281
+2 1281
+26 4386
+1 196
+11 331
-3 331
+3 331
-3 662
+6 662
+6 84
cfn=(1112) _int_free_merge_chunk
calls=21 +39 
* 1647
+2 21
+28 662
+2 4836
-62 1281
-22 1281
+22 6405
+2 5124
+1 2562
-6 2562
+30 662
+1 1240
+2 1240
cfn=(1112)
calls=310 +39 
* 42533
* 310
+3 1240

fn=(1174) _int_realloc
5032 952
+11 2856
+8 476
+2 238
+1 714
+1 952
+4 476
+14 10
+53 20
-53 20
+57 10
-57 10
+57 20
-2 20
+2 12
+1 6
+16 6
+1 24
-1 4
+1 16
-79 476
+12 476
+12 1603
cfn=(982)
calls=229 3977 
* 34439
* 229
+1 458
+3 229
+6 687
+8 228
fi=(267) /usr/src/debug/glibc/glibc/malloc/../string/bits/string_fortified.h
29 456
fe=(193)
5110 456
+1 1368
fi=(267)
29 228
cfi=(224)
cfn=(786)
calls=228 255 
* 3486
fe=(193)
5115 1368
cfn=(1110)
calls=228 4634 
* 12262
+2 228
+31 912
-9 4
-4 4
+3 4
+5 4
-4 4
-1 4
+5 4
-4 4
+4 4
-1 4
+1 12
cfn=(1110)
calls=4 4634 
* 305
* 4
-60 13
-1 26
+5 45
cfn=(1266)
calls=9 1619 
* 177
+44 9
-1 27
+1 9
-48 18
+15 1
+7 1
+19 1
-26 1
+7 1
+19 2
-13 1
+20 2

fn=(17138) sysmalloc_mmap_fallback.constprop.0
2501 56
+4 7
+3 21
+1 5
+3 1
+1 2
+4 1
-1 2
-4 6
+1 12
+4 6
-1 12
+3 70
cfi=(1364)
cfn=(9820)
calls=7 47 
* 182
* 7
+3 14
+4 14
+4 28
cfi=(1438) /usr/src/debug/glibc/glibc/misc/../sysdeps/unix/sysv/linux/setvmaname.c
cfn=(10322) __set_vma_name
calls=7 60 
* 238
+5 7
+2 7
+2 63
2019 28

fn=(984)
2543 99
+20 11
-20 33
+20 11
+11 22
+1 22
-11 11
+35 11
+11 11
-10 33
+1 11
+9 99
+6 33
+3 33
2932 33
+1 11
+5 22
+3 22
+5 22
-2 11
+2 11
-1 11
+1 11
-3 11
+3 11
+1 11
-1 33
+1 11
+2 11
+6 121
2680 22
+9 44
+13 33
+8 55
+8 22
+20 28
+15 14
-4 7
+6 7
-6 7
+6 7
+2 28
+9 14
-23 56
cfn=(17138)
calls=7 2501 
* 789
+2 21
-2 7
+2 7
2937 11
2720 55
cfi=(264)
cfn=(986)
calls=11 25 
* 512
+1 44
-1 11
+1 11
2019 20
2723 11
+3 22
+29 4
+2 4
-2 4
+2 12
+6 8
+1 4
2937 4
2764 12
+94 21
-65 7
+84 14
+10 7
-1 7
+1 21
+1 7
+11 14
+7 14
+1 21
+8 7
+2 7
+5 14
+2 49
cfn=(1110)
calls=7 4634 
* 686
+13 21

fn=(1112)
4768 1986
+5 1655
-4 331
+7 993
+5 993
+4 662
-1 331
+1 662
2003 993
4792 662
+11 1324
cfn=(1114)
calls=331 +14 
* 8526
+91 662
-89 2152
cfn=(1408)
calls=166 +82 
* 22083
-29 165

fn=(1304)
4929 175
+17 175
-17 875
+28 175
-28 525
+15 175
+2 175
+13 350
+1 350
-1 3150
+1 3150
+62 5250
+1 1400
-42 50
+2 50
+1 50
-1 50
+1 150
-2 50
+4 300
cfn=(1266)
calls=50 1619 
* 950
* 200
-13 100
+5 50
-5 50
+16 100
-16 2222
+5 1111
-5 1111
+16 2222
+3 2322
+4 1144
+2 1144
+1 2288
+1 2288
+2 2288
-4 17
+1 34
+1 34
+2 34
+5 1161
+2 1161
-2 2322
+3 1161
+9 2322
-56 3483
+4 3483
+1 4644
+8 1161
-3 1161
+3 1161
+4 1161
-3 1161
+1 1161
+2 3383
+14 34
-1 34
+1 17
cfn=(1266)
calls=17 1619 
* 323
* 51

fn=(1126) calloc
3919 240
+3 960
1337 480
+19 1440
3935 480
+2 480
+3 360
+2 240
+25 120
cfn=(1128) __libc_calloc2
calls=120 3825 
* 6348324
+1 240
-24 480
3224 360
+4 480
+4 120
+1 360
fi=(321) /usr/src/debug/glibc/glibc/malloc/../sysdeps/generic/calloc-clear-memory.h
25 120
fi=(267)
+34 120
fi=(321)
-32 240
+11 120
-1 120
+1 120
+2 240
+2 120
+2 240
fe=(193)

fn=(1128)
3825 960
+7 240
+32 360
cfn=(982)
calls=120 3977 
* 121189
* 120
+2 720
+13 480
+15 120
-28 120
+31 480
+9 120
-12 120
+12 240
+3 600
+4 120
fi=(321)
25 240
+2 240
fe=(193)
3835 960
+7 120
+8 120
-7 240
+7 240
+16 120
fi=(192)
151 240
fe=(193)
3866 360
+3 240
+46 120
fi=(267)
59 240
fe=(193)
3915 600
fi=(267)
59 120
cfi=(291)
cfn=(1092)
calls=120 198 
* 6218135
fe=(193)

fn=(1170) realloc
3577 4928
+7 896
3702 170
3592 170
3702 1020
3592 170
cfn=(974)
calls=170 3480 
* 6865
-1 896
5356 278
3600 278
5357 278
-1 278
+1 556
-1 556
+2 556
3653 40
+49 2502
5359 278
3608 556
+2 40
+1 80
fi=(192)
151 714
fe=(193)
3628 1428
1337 476
+19 1666
3639 476
+31 476
+9 952
+2 1904
cfn=(1174)
calls=238 5032 
* 67126
* 238
+2 1666
+1 1190
fi=(192)
151 714
fe=(193)
3684 476

fl=(1601)
fn=(11454)
61 125
fi=(227)
+54 125
fe=(1601)
-53 250
-1 500
fi=(1602) /usr/src/debug/glibc/glibc/stdio-common/printf_buffer_flush.c
-20 875
fe=(1601)
+25 250
+4 375
+2 125
-1 125
+1 250

fl=(1424) /usr/src/debug/glibc/glibc/misc/../sysdeps/unix/sysv/linux/x86_64/clone.S
fn=(10268) clone

fl=(1601)
fn=(11454)
fi=(227)
115 125
fi=(1602)
-67 125
-1 125
cfi=(220) /usr/src/debug/glibc/glibc/libio/vsnprintf.c
cfn=(11458) __printf_buffer_flush_snprintf
calls=125 -12 
* 2250
fe=(1601)

fl=(1424)
fn=(10268)

fl=(1441) /usr/src/debug/glibc/glibc/nptl/futex-internal.c
fn=(10344) __futex_abstimed_wait_common

fn=(10342) __futex_abstimed_wait_cancelable64

fl=(224)
fn=(786)
255 1593
+1 1593
+6 1593
+1 1593
+2 807
+1 807
+1 807
+3 691
+1 691
+1 691
+3 1382
+30 786
+1 786
+2 710
+1 710
+2 665
+4 665
+1 580
+1 580
+1 580
+1 580
+1 285
+1 285
+2 285
+2 285
-2 295
+2 295
+6 85
+1 85
+1 85
+1 85
+1 85
+7 76
+1 76
+1 76
+1 76
+2 76
+17 45
+1 45
+1 45
+1 45
+1 45
+7 98
+1 98
+1 98
+1 98
+1 98
+1 98
+1 196
+5 116
+1 116
+5 116
+1 116
+2 116
+1 116
+1 116
+2 18
+1 18
+1 18
+1 18
+1 18
+1 18
+1 18
+1 18
+1 18
+1 18
+1 18
+1 18
+1 18
+1 18
+1 36

fn=(9230)
242 5
+1 5
+1 5
+1 5
+17 5
+1 5
+2 5
+1 5
+1 5
+3 5
+1 5
+1 5
+3 10

fl=(220)
fn=(11458)
35 125
+2 500
+2 625
+4 375
+1 125
+6 250
+3 125
+2 125

fn=(11452) vsnprintf
102 500
fi=(1589) /usr/src/debug/glibc/glibc/libio/../include/printf_buffer.h
+22 250
fe=(220)
-22 250
fi=(1589)
+22 250
fe=(220)
-22 1500
fi=(1589)
+35 250
-13 250
+13 250
-10 250
+1 250
fe=(220)
-65 500
+3 250
+30 1000
cfi=(221)
cfn=(778)
calls=250 601 
* 111355
-21 750
+1 250
+11 500
cfi=(228)
cfn=(794)
calls=250 -62 
* 4500
+17 1500

fl=(265) /usr/src/debug/glibc/glibc/misc/sbrk.c
fn=(988) sbrk
37 595
+6 238
+35 324
-38 238
+18 238
+4 238
+4 11
+1 11
-1 33
+8 11
cfi=(266)
cfn=(990)
calls=11 -38 
* 113
* 33
+4 19
-28 7
+28 14

fl=(366) /usr/src/debug/glibc/glibc/nptl/pthread_once.c
fn=(1666) pthread_once@@GLIBC_2.34
136 80
+3 80
+1 160
+4 160

fl=(264)
fn=(986)
25 119
+1 238
-1 238
+4 119
cfi=(265)
cfn=(988)
calls=119 +8 
* 2123
+1 238
+4 224
-7 7
+7 14

fl=(217) /usr/src/debug/glibc/glibc/string/../sysdeps/x86_64/multiarch/strlen-avx2.S
fn=(766) __strlen_avx2
52 85
+13 85
+1 85
+1 85
+3 85
+2 85
+1 85
+3 85
+1 85
+8 85
+1 85
+1 85
+5 170

fl=(1438)
fn=(10324) __is_decorate_maps_enabled
33 28
+1 35
+9 7
+7 35

fn=(10322)
60 70
+1 7
cfn=(10324)
calls=7 -28 
* 105
* 14
+9 42

fl=(1299) /usr/src/debug/glibc/glibc/string/../sysdeps/x86_64/multiarch/strcpy-avx2.S
fn=(9234) __strcpy_avx2
64 45
+1 45
+7 45
+1 45
+1 45
+1 45
+3 45
+2 45
+1 45
+1 45
+2 45
+1 45
+4 45
+2 45
+1 45
+9 45
+1 45
+2 45
+1 45
+6 45
+1 45
+14 45
+1 45
+1 45
+1 45

fl=(1440) /usr/src/debug/glibc/glibc/nptl/pthread_cond_wait.c
fn=(10338) pthread_cond_wait@@GLIBC_2.3.2

ob=(4)
fl=(196)
fn=(780)
0 1000
cob=(2)
cfi=(222)
cfn=(782)
calls=500 53 
0 9500

ob=(39)
fl=(1596) /home/dudkin.i/mesa/mesa/build/../src/util/blake3/blake3_sse41_x86-64_unix.S
fn=(11600) 0x0000000000245300
1801 480
+1 480
+1 480
+1 480
+1 480
+1 480
+1 480
+1 480
+1 480
+1 480
+1 480
+1 480
+1 480
+1 480
+1 480
+1 480
+1 480
+1 480
+1 480
+1 480
+1 480
+1 480
+1 480
+1 480
+2 480
+1 480
+1 480
+1 480
+1 480
+1 480
+1 480
+1 480
+1 480
+1 480
+1 480
+1 480
+1 480
+1 480
+1 480
+1 480
+1 480
+1 480
+1 480
+1 480
+1 480
+1 480
+1 480
+1 480
+1 480
+1 480
+1 480
+1 480
+1 480
+1 480
+1 480
+1 480
+1 480
+1 480
+1 480
+1 480
-35 2880
+1 2880
+1 2880
+1 2880
+1 2880
+1 2880
+1 2880
+1 2880
+1 2880
+1 2880
+1 2880
+1 2880
+1 2880
+1 2880
+1 2880
+1 2880
+1 2880
+1 2880
+1 2880
+1 2880
+1 2880
+1 2880
+1 2880
+1 2880
+1 2880
+1 2880
+1 2880
+1 2880
+1 2880
+1 2880
+1 2880
+1 2880
+1 2880
+1 2880
+1 2880
+1 2880
+1 2880
+1 2880
+1 2880
+1 2880
+1 2880
+1 2880
+1 2880
+1 2880
+1 2880
+1 2880
+1 2880
+1 2880
-11 480
+1 480
+1 480
+1 480
+1 480
+1 480
+1 480
+1 480
+1 480
+1 480
+1 480
+1 480
+1 2880
+1 2880
+1 2880
+1 2880
+1 2880
+1 2880
+1 2880
+1 2880
+1 2880
+1 2880
+1 2880
+1 2880
+1 2880
+1 2880
+1 2880
+1 2880
+1 2880
+2 480
+1 480
+1 480
+1 480
+1 480

fn=(11418) 0x00000000002454c0
1902 40
+1 40
+1 40
+1 40
+1 40
+1 40
+1 40
+1 40
+1 40
+1 40
+1 40
+1 40
+1 40
+1 40
+1 40
+1 40
+1 40
+1 40
+1 40
+1 40
+1 40
+1 40
+1 40
+1 40
+1 40
+1 40
+2 40
+1 40
+1 40
+1 40
+1 40
+1 40
+1 40
+1 40
+1 40
+1 40
+1 40
+1 40
+1 40
+1 40
+1 40
+1 40
+1 40
+1 40
+1 40
+1 40
+1 40
+1 40
+1 40
+1 40
+1 40
+1 40
+1 40
+1 40
+1 40
+1 40
+1 40
+1 40
+1 40
+1 40
-33 240
+1 240
+1 240
+1 240
+1 240
+1 240
+1 240
+1 240
+1 240
+1 240
+1 240
+1 240
+1 240
+1 240
+1 240
+1 240
+1 240
+1 240
+1 240
+1 240
+1 240
+1 240
+1 240
+1 240
+1 240
+1 240
+1 240
+1 240
+1 240
+1 240
+1 240
+1 240
+1 240
+1 240
+1 240
+1 240
+1 240
+1 240
+1 240
+1 240
+1 240
+1 240
+1 240
+1 240
+1 240
+1 240
+1 240
+1 240
-13 40
+1 40
+1 40
+1 40
+1 40
+1 40
+1 40
+1 40
+1 40
+1 40
+1 40
+1 40
+1 40
+1 40
+1 240
+1 240
+1 240
+1 240
+1 240
+1 240
+1 240
+1 240
+1 240
+1 240
+1 240
+1 240
+1 240
+1 240
+1 240
+1 240
+1 240
+2 40
+1 40
+1 40
+1 40
+1 40
+1 40
+1 40
+1 40
+1 40
+1 40
+1 40

fl=(1844) /home/dudkin.i/mesa/mesa/build/../src/util/u_dynarray.h
fn=(16810) util_dynarray_init
61 240
+1 240
cob=(2)
cfi=(291)
cfn=(1092)
calls=48 198 
* 528
* 48
+1 144
+1 144
-3 450
+1 450
cob=(2)
cfi=(291)
cfn=(1092)
calls=90 198 
* 990
* 90
+1 270
+1 270

fn=(17106) util_dynarray_init_from_stack
68 288
+1 240
cob=(2)
cfi=(291)
cfn=(1092)
calls=48 198 
* 528
* 48
+1 144
+1 144
+1 144
+1 144

fn=(15510) util_dynarray_ensure_cap
99 480
+1 384
+22 576
+1 192
-24 450
+1 360
+1 990
+3 450
+6 360
+3 540
cob=(2)
cfi=(193)
cfn=(1170)
calls=90 3577 
* 6385
* 90
* 90
+2 180
+3 270
+1 270
+3 540
+1 180

fn=(15508) util_dynarray_grow_bytes
165 576
+1 480
+2 1632
+4 480
+1 480
cfn=(15510)
calls=96 -74 
* 1632
* 96
+1 192
+3 288
+2 96
+1 192

fn=(16808) util_dynarray_fini
77 192
+1 192
+1 240
+6 288
cfn=(16810)
calls=48 -24 
* 1344
+2 144
-10 360
+1 360
+1 450
+1 360
+3 360
cob=(2)
cfi=(193)
cfn=(1006)
calls=90 3516 
* 3417
* 90
+2 540
cfn=(16810)
calls=90 -24 
* 2520
+2 270

fn=(16774) util_dynarray_resize_bytes
128 540
+1 810
+3 450
+1 450
cfn=(15510)
calls=90 -34 
* 11155
* 90
+1 180
+3 270
+2 90
+1 180

fl=(1883) /home/dudkin.i/mesa/mesa/build/../src/gallium/auxiliary/util/u_blitter.c
fn=(15678) blitter_get_fs_texfetch_col
950 275
+1 75
+2 125
cfn=(15680) util_pipe_tex_to_tgsi_tex
calls=25 -52 
* 721
* 25
+5 50
+2 75
cfi=(1885) /home/dudkin.i/mesa/mesa/build/../src/util/format/u_format.c
cfn=(15682) util_format_is_pure_uint
calls=25 213 
* 2100
* 50
+1 10
+1 30
cfi=(1885)
cfn=(15682)
calls=10 213 
* 850
* 20
+1 5
+1 10
+2 15
cfi=(1885)
cfn=(15688) util_format_is_pure_sint
calls=5 200 
* 450
* 10
+1 5
+1 10
+2 45
cfi=(1885)
cfn=(15688)
calls=15 200 
* 1300
* 30
+1 10
+1 30
cfi=(1885)
cfn=(15688)
calls=10 200 
* 850
* 20
+1 5
+1 10
+2 15
cfi=(1885)
cfn=(15682)
calls=5 213 
* 450
* 10
+1 5
+1 10
+3 15
cfi=(1885)
cfn=(15682)
calls=5 213 
* 400
* 25
cfi=(1885)
cfn=(15688)
calls=5 200 
* 400
* 10
+2 15
+1 5
+3 50
+47 50
+1 156
+2 144
+3 100
+1 125
+1 25
+2 50
-2 225
cfi=(1888) /home/dudkin.i/mesa/mesa/build/../src/gallium/auxiliary/util/u_simple_shaders.c
cfn=(15690) util_make_fragment_tex_shader
calls=25 255 
* 15279470
* 50
+5 50
+2 50

fn=(15680)
901 200
+1 728
+12 22
+1 22
+3 26
+1 26
+3 32
+1 32
+17 80

fn=(17094) blitter_get_fs_texfetch_stencil
1187 45
+1 15
+2 10
+2 10
+19 10
+1 14
+2 21
+3 20
+2 25
+1 20
cfn=(15680)
calls=5 901 
* 149
* 5
+1 5
+1 10
-1 35
cfi=(1888)
cfn=(17060) util_make_fs_blit_zs
calls=5 318 
* 3456148
* 10
+4 10
+2 10

fn=(17082) blitter_get_fs_texfetch_depthstencil
1140 45
+1 15
+2 10
+2 10
+19 10
+1 14
+2 21
+3 20
+2 25
+1 20
cfn=(15680)
calls=5 901 
* 149
* 5
+1 5
+1 10
-1 35
cfi=(1888)
cfn=(17060)
calls=5 318 
* 5279363
* 10
+4 10
+2 10

fn=(15676) util_blitter_cache_all_shaders
1251 4
+1 20
+5 20
+3 25
+4 10
+5 10
+6 80
cfn=(15678)
calls=5 950 
* 2912877
* 5
+3 80
cfn=(15678)
calls=5 950 
* 2911722
* 5
+3 80
cfn=(15678)
calls=5 950 
* 3338545
* 5
+3 80
cfn=(15678)
calls=5 950 
* 2759937
* 5
+3 80
cfn=(15678)
calls=5 950 
* 3366035
* 5
+3 50
cfn=(17058) blitter_get_fs_texfetch_depth
calls=5 1094 
* 3456723
+1 20
+1 50
cfn=(17082)
calls=5 1140 
* 5279787
+1 50
cfn=(17094)
calls=5 1187 
* 3456572
+3 10
+8 10
+1 5
-54 40
-1 6

fn=(17058)
1094 45
+1 15
+2 10
+2 10
+18 10
+1 14
+2 21
+3 20
+2 25
+1 20
cfn=(15680)
calls=5 901 
* 149
* 5
+1 5
+1 10
-1 35
cfi=(1888)
cfn=(17060)
calls=5 318 
* 3456299
* 10
+4 10
+2 10

fl=(1899) /home/dudkin.i/mesa/mesa/build/../src/gallium/auxiliary/cso_cache/cso_hash.h
fn=(15842) cso_hash_find_node
155 2450
+3 1960
+1 5785
+1 2970
+2 192
-1 3374
+3 135
+2 45
+1 90
-1 445
+1 890
-12 6150
+3 4920
+1 14950
+1 10950
+2 789
-1 14293
+3 240
+2 80
+1 160
-1 1150
+1 2300

fn=(15840) cso_hash_find
175 6150
+1 6150
cfn=(15842)
calls=1230 -21 
* 55982
* 1230
+1 6150
+1 2460
+1 2460

fn=(15844) cso_hash_iter_is_null
139 11070
+1 12300
+1 1500
-1 480
+1 960
-2 7650
+1 8500
+1 1380
-1 160
+1 320

fn=(15864) cso_hash_iter_data
146 6750
+1 6000
+2 1500
+1 1500
-4 6210
+1 5520
+2 1380
+1 1380

fn=(15878) cso_hash_iter_next
184 4450
+1 2225
cfi=(1868) /home/dudkin.i/mesa/mesa/build/../src/gallium/auxiliary/cso_cache/cso_hash.c
cfn=(15880) cso_hash_data_next
calls=445 +56 
* 29120
* 445
+1 890
+1 890
-3 2450
+1 1225
cfi=(1868)
cfn=(15880)
calls=245 +56 
* 15460
* 245
+1 490
+1 490

fl=(1933) /home/dudkin.i/mesa/mesa/build/../src/util/bitset.h
fn=(16908) __bitset_last_bit
358 600
+1 480
+1 2240
+1 640
cfi=(1324) /home/dudkin.i/mesa/mesa/build/../src/util/bitscan.h
cfn=(16038) util_last_bit
calls=80 253 
* 1040
* 320
-2 840
+5 40
+1 240
-7 600
+1 480
+1 2240
+1 640
cfi=(1324)
cfn=(16038)
calls=80 253 
* 1040
* 320
-2 840
+5 40
+1 240

fn=(16572) __bitset_next_set
391 1260
+10 630
+1 210
+1 105
+2 630
+1 210
-4 840
+10 840
+3 1155
+2 525
+1 420

fl=(1427) /home/dudkin.i/mesa/mesa/build/../src/gallium/drivers/llvmpipe/lp_context.c
fn=(10274) llvmpipe_create_context
cfi=(1883)
cfn=(15676)
calls=0 1237 
323 27482953

fl=(1942) /home/dudkin.i/mesa/mesa/build/../src/compiler/nir/nir_lower_tex.c
fn=(16700) nir_lower_tex
1924 720
+1 90
+6 520
+7 270
cfi=(1912) /home/dudkin.i/mesa/mesa/build/../src/compiler/nir/nir.h
cfn=(16510) nir_foreach_function_with_impl_first
calls=90 3994 
* 3060
* 540
+1 630
cfn=(16702) nir_lower_tex_impl
calls=90 -32 
* 226817
* 450
-1 270
cfi=(1912)
cfn=(16512) nir_foreach_function_with_impl_next
calls=90 4005 
* 2520
* 1080
+4 90
+1 450

fn=(16710) project_src
103 360
+1 180
cfi=(1912)
cfn=(16712) nir_steal_tex_src
calls=45 2703 
* 2790
* 45
+1 90
+1 90
+51 270

fn=(16706) nir_lower_tex_block
1612 810
+1 90
+2 360
cfi=(1909) /home/dudkin.i/mesa/mesa/build/../src/compiler/list.h
cfn=(16134) exec_node_is_tail_sentinel
calls=90 124 
* 810
* 1170
cfi=(1909)
cfn=(16134)
calls=90 124 
* 810
* 630
+1 7488
+1 600
cfi=(1912)
cfn=(16116) nir_instr_as_intrinsic
calls=200 2946 
* 2600
* 200
+1 1000
+6 200
+2 200
+1 6688
+5 6688
+4 300
cfi=(1912)
cfn=(16250) nir_instr_as_tex
calls=100 2944 
* 1300
* 100
+1 1200
+3 100
+2 300
cfi=(1904) /home/dudkin.i/mesa/mesa/build/../src/compiler/nir/nir.c
cfn=(16708) nir_tex_instr_need_sampler
calls=100 3363 
* 2500
* 424
+1 560
+2 560
+2 560
+4 400
+6 310
+1 110
-1 110
+2 225
cfn=(16710)
calls=45 103 
* 3825
* 225
+3 776
+2 200
-1 200
+2 48
-1 48
+2 200
-1 200
+6 496
+12 400
+6 300
+2 400
cfi=(1912)
cfn=(16682) nir_tex_instr_src_index
calls=100 2660 
* 4500
* 100
+1 200
+6 900
+2 500
+5 500
+5 500
+5 500
+5 500
+5 500
+5 500
+5 500
+5 500
+5 500
+5 500
+5 500
+5 500
+5 200
+5 400
+5 500
+8 500
+7 400
cfi=(1912)
cfn=(16682)
calls=100 2660 
* 4500
-1 300
+3 400
+6 400
+8 400
+7 400
+5 400
+19 400
cfi=(1912)
cfn=(16682)
calls=100 2660 
* 4100
* 200
+14 400
+1 300
cfi=(1904)
cfn=(16714) nir_tex_instr_has_implicit_derivative
calls=100 3484 
* 1600
-1 200
+8 400
+5 400
+10 400
+7 400
+6 400
+6 400
1633 1572
-18 21744
cfi=(1909)
cfn=(16134)
calls=1782 124 
* 16038
* 16308
1900 90
+1 270

fn=(16702)
1907 810
+1 90
+1 450
cfi=(1917) /home/dudkin.i/mesa/mesa/build/../src/compiler/nir/nir_builder.h
cfn=(16524) nir_builder_create
calls=90 52 
* 4680
+2 450
cfi=(1925) /home/dudkin.i/mesa/mesa/build/../src/compiler/nir/nir_metadata.c
cfn=(16466) nir_metadata_require
calls=90 32 
* 71064
+2 90
+1 270
cfi=(1912)
cfn=(16350) nir_start_block
calls=90 3672 
* 630
* 180
+1 720
cfn=(16706)
calls=90 1612 
* 133343
* 450
-1 270
cfi=(1904)
cfn=(16526) nir_block_cf_tree_next
calls=90 +19 
* 8640
* 450
+4 450
cfi=(1925)
cfn=(16528) nir_progress
calls=90 73 
* 3240
+1 90
+1 450

fl=(1950) /home/dudkin.i/mesa/mesa/build/../src/compiler/nir/nir_opt_constant_folding.c
fn=(16752) const_value_for_deref
91 385
+1 220
cfi=(1912)
cfn=(16652) nir_deref_mode_is
calls=55 1755 
* 4400
* 165
+1 110
+69 275

fn=(16746) nir_opt_constant_folding
522 350
+2 50
+1 50
+2 400
cfi=(1904)
cfn=(16638) nir_shader_lower_instructions
calls=50 2374 
* 523431
* 50
+6 150
+7 50
+1 250

fn=(16750) try_fold_intrinsic
182 1100
+1 6270
+25 660
cfi=(1912)
cfn=(16382) nir_src_as_deref
calls=55 2997 
* 5555
* 110
+1 165
cfn=(16752)
calls=55 91 
* 5555
* 55
+1 110
+4 110
376 55
+2 660

fn=(16754) nir_try_constant_fold_alu
41 4576
+12 572
+1 6292
cfi=(1921) /home/dudkin.i/mesa/mesa/build/../src/compiler/nir/nir_defines.h
cfn=(16294) nir_alu_type_get_type_size
calls=572 279 
* 4576
* 1144
+1 2192
+2 1144
+1 1144
+1 312
cfi=(1921)
cfn=(16294)
calls=24 279 
* 192
-1 48
+2 288
+2 456
cfi=(1912)
cfn=(16756) nir_src_as_load_const
calls=24 2998 
* 1344
* 10412
cfi=(1912)
cfn=(16756)
calls=548 2998 
* 31138
* 1144
+1 1144
+1 1124
+2 20
+2 840
-1 40
-1 200
cfi=(1904)
cfn=(16412) nir_ssa_alu_instr_src_components
calls=40 3201 
* 840
* 50
cfi=(1904)
cfn=(16412)
calls=10 3201 
* 210
* 100
-9 6412
+15 20
+5 50
cob=(2)
cfi=(291)
cfn=(1092)
calls=10 198 
* 190
* 10
+1 20
+1 60
-1 230
+4 30
-2 160
cfi=(1965) /home/dudkin.i/mesa/mesa/build/src/compiler/nir/nir_constant_expressions.c
cfn=(17002) nir_eval_const_opcode
calls=10 67033 
* 6460
* 10
+5 20
-1 80
cfi=(1917)
cfn=(16240) nir_build_imm
calls=10 347 
* 7870
+3 2860

fn=(16766) try_fold_texel_offset_src
462 220
+1 220
cfi=(1912)
cfn=(16682)
calls=55 2660 
* 2475
* 55
+1 110
+1 110
+14 110

fn=(16764) try_fold_tex_offset
446 660
+1 550
cfi=(1912)
cfn=(16682)
calls=110 2660 
* 4950
* 110
+1 220
+1 220
+9 220

fn=(16748) try_fold_instr
506 6132
+1 9123
+2 1716
cfi=(1912)
cfn=(16232) nir_instr_as_alu
calls=572 2936 
* 7436
* 2860
cfn=(16754)
calls=572 41 
* 96024
* 572
+2 330
cfi=(1912)
cfn=(16116)
calls=110 2946 
* 1430
* 660
cfn=(16750)
calls=110 182 
* 20405
* 110
+2 165
cfi=(1912)
cfn=(16250)
calls=55 2944 
* 715
* 275
cfn=(16762) try_fold_tex
calls=55 -30 
* 13035
* 55
+3 285
+2 2044

fn=(16762)
483 275
+1 55
+2 385
cfn=(16764)
calls=55 -40 
* 3465
* 275
+2 385
cfn=(16764)
calls=55 -42 
* 3465
* 275
+4 220
+3 220
+4 165
cfn=(16766)
calls=55 -37 
* 3300
* 275
+2 165
+1 110

fl=(1315) /home/dudkin.i/mesa/mesa/build/../src/util/perf/cpu_trace.h
fn=(11654) _mesa_trace_scope_begin_name
151 120
+1 40
+3 40
+1 40
+1 80

fn=(11794) _mesa_trace_scope_end
194 120
+4 120

fl=(1317) /home/dudkin.i/mesa/mesa/build/../src/util/list.h
fn=(9368) list_inithead
60 3840
+1 3840
+1 3840
+1 3840
-3 6831
+1 6831
+1 6831
+1 6831
-3 120
+1 120
+1 120
+1 120

fn=(9840) list_is_empty
123 4440
+1 5920
+1 2960
-2 7017
+1 9356
+1 4678
-2 13692
+1 18256
+1 9128
-2 2235
+1 2980
+1 1490

fn=(9996) list_addtail
86 1616
+1 1212
+1 1616
+1 1616
+1 1212
+1 1212
-5 7560
+1 5670
+1 7560
+1 7560
+1 5670
+1 5670

fn=(16648) list_replace
96 10620
+1 6372
cfn=(9840)
calls=2124 +26 
* 19116
* 4248
+1 330
cfn=(9368)
calls=110 -38 
* 1320
+7 110
-5 8056
+1 8056
+1 8056
+1 8056
+2 6372

fn=(16358) list_validate
175 13408
+2 10056
cfn=(9838) list_is_linked
calls=3352 -49 
* 70392
* 6704
+1 33520
+1 13408
+1 40040
-1 34080
+2 13408

fn=(9838)
128 780
+2 2145
+2 780
+1 390
-5 31664
+2 87076
+2 31664
+1 15832
-5 1280
+2 3520
+2 1280
+1 640

fn=(16592) list_del
108 2925
+1 4875
+1 4875
+1 5850
+1 2925

fl=(1913) /home/dudkin.i/mesa/mesa/build/../src/util/mesa-blake3.c
fn=(15998) _mesa_blake3_compute
39 360
+2 120
cfi=(1510) /home/dudkin.i/mesa/mesa/build/../src/util/mesa-blake3.h
cfn=(11352) _mesa_blake3_init
calls=40 +3 
* 3960
+1 240
cfi=(1510)
cfn=(11386) _mesa_blake3_update
calls=40 +8 
* 553520
+1 200
cfi=(1510)
cfn=(11402) _mesa_blake3_final
calls=40 +13 
* 70200
+1 240

fl=(1891) /home/dudkin.i/mesa/mesa/build/../src/gallium/auxiliary/tgsi/tgsi_ureg.h
fn=(15700) ureg_src_register
1099 500
+1 600
cfn=(15702) ureg_src_array_register
calls=100 -30 
* 7100
+1 200

fn=(16988) ureg_swizzle
881 140
+1 40
+1 40
-1 10
+2 40
-1 10
+2 50
-1 10
-2 10
+5 40
+1 20
+1 20
+1 20
+1 20
+2 140
+1 130
+1 130
+1 130
+1 20
+1 20
-17 280
+1 80
+1 80
-1 20
+2 80
-1 20
+2 100
-1 20
-2 20
+5 80
+1 40
+1 40
+1 40
+1 40
+2 280
+1 260
+1 260
+1 260
+1 40
+1 40

fn=(15702)
1070 700
+3 1120
+1 420
+1 560
+1 560
+1 420
+1 420
+1 420
+1 140
+1 420
+1 420
+1 280
+1 420
+1 420
+1 140
+1 420
+1 420
+1 140
+1 420
+1 1120
+2 280
+1 280

fn=(16980) ureg_imm1u
456 25
+1 30
cfi=(1889)
cfn=(16982) ureg_DECL_immediate_uint
calls=5 1035 
* 2140
+1 10

fn=(15718) ureg_dst_array_register
1011 525
+3 840
+1 315
+1 315
+1 315
+1 105
+1 315
+1 315
+1 840
+1 315
+1 105
+1 315
+1 315
+1 105
+1 315
+1 840
+1 315
+2 210
+1 210

fn=(15738) ureg_dst_register
1037 300
+1 360
cfn=(15718)
calls=60 -27 
* 3960
+1 120

fn=(15706) ureg_DECL_fs_input
200 280
+1 400
cfi=(1889)
cfn=(15708) ureg_DECL_fs_input_centroid
calls=40 348 
* 8400
* 40
+5 80

fn=(15770) ureg_src
1105 1035
+3 920
+1 345
+1 460
+1 460
+1 345
+1 1035
+1 920
+1 230
+1 1265
+1 345
+1 460
+1 345
+1 1150
+1 230
+1 1150
+1 1265
+1 230
+1 1035
+1 920
+2 230
+1 230

fn=(15740) ureg_writemask
909 935
+1 340
+1 1020
+1 170
+1 255

fn=(15776) ureg_create_shader_and_destroy
158 200
+1 240
cfn=(15778) ureg_create_shader_with_so_and_destroy
calls=40 -10 
* 20919315
+1 80

fn=(17062) ureg_scalar
902 220
+1 220
cfn=(16988)
calls=20 -22 
* 2080
+1 60

fn=(15746) ureg_dst_is_empty
507 1440
+1 640
+1 320
-1 640
+2 320

fn=(15778)
149 240
+1 240
cfi=(1889)
cfn=(15780) ureg_create_shader
calls=40 2171 
* 20868097
* 40
+1 120
cfi=(1889)
cfn=(16972) ureg_destroy
calls=40 2437 
* 50458
+1 40
+1 80

fn=(17052) ureg_imm1i
498 25
+1 30
cfi=(1889)
cfn=(17054) ureg_DECL_immediate_int
calls=5 1073 
* 2140
+1 10

fl=(1940) /home/dudkin.i/mesa/mesa/build/../src/compiler/nir/nir_lower_samplers.c
fn=(16678) nir_lower_samplers
146 160
+1 240
cfi=(1917)
cfn=(16662) nir_shader_instructions_pass
calls=40 -17 
* 160250
+3 80

fn=(16680) lower_sampler
116 6090
+1 3480
+1 1650
+2 135
cfi=(1912)
cfn=(16250)
calls=45 2944 
* 585
* 45
+3 180
cfi=(1912)
cfn=(16682)
calls=45 2660 
* 1125
* 45
+2 90
+1 180
cfi=(1912)
cfn=(16668) nir_before_instr
calls=45 4292 
* 540
* 180
+2 270
cfn=(16684) lower_tex_src_to_offset
calls=45 -96 
* 51525
+4 180
cfi=(1912)
cfn=(16682)
calls=45 2660 
* 1125
* 45
+2 90
+1 270
cfn=(16684)
calls=45 32 
* 37935
+3 90
+3 45
+1 2610

fn=(16684)
32 540
+1 90
+1 90
+1 90
+1 810
+1 450
+3 360
cfi=(1912)
cfn=(16388) nir_def_as_deref
calls=90 2997 
* 3780
* 90
+1 450
+47 180
+4 360
+2 360
+5 180
+5 450
cfi=(1904)
cfn=(16686) nir_tex_instr_remove_src
calls=90 1001 
* 80415
+3 180
+1 135
+4 45
-2 135
+2 270

fl=(1893) /home/dudkin.i/mesa/mesa/build/../src/gallium/auxiliary/tgsi/tgsi_info.c
fn=(16140) tgsi_opcode_infer_src_type
230 1075
+1 540
+1 110
+3 540
+4 750
+4 540
+1 110
+1 110
+3 28770
+16 80
+18 40
+24 465
cfn=(16142) tgsi_opcode_infer_type
calls=155 103 
* 31435
+2 430

fn=(16142)
103 945
+1 61040
+3 260
+27 30
+36 70
+51 135
+2 630

fn=(16190) tgsi_opcode_infer_dst_type
315 800
+1 480
cfn=(16142)
calls=160 103 
* 31675
+1 320

fn=(15752) tgsi_get_opcode_info
55 3320
+3 6640
+1 6640
+3 2490
+7 1660
+1 4150
+4 1660

fl=(1914) /home/dudkin.i/mesa/mesa/build/../src/util/blake3/blake3_avx2_x86-64_unix.S
fn=(16010) 0x00000000002456c0
32 40
+1 40
+1 40
+1 40
+1 40
+1 40
+1 40
+1 40
+1 40
+1 40
+1 40
+1 40
+1 40
+1 40
+1 40
+1 40
+1 40
+1 40
+1 40
+1 40
+1 40
+1 40
+1 40
+1 40
+1 40
+1 40
+1 40
+1 40
+1 40
+1 40
+1 40
+1 40
1310 40
+1 40
+1 40
+1 40
+1 40
+1 40
+1 40
+1 40
+1 40
+3 40
+1 40
+1 40
+1 40
+1 40
+1 40
1556 40
+1 40
+1 40
+1 40
+1 40
+1 40
+1 40
+1 40
+1 40
+1 40
+1 40
+1 40
+1 40
+1 40
+1 40
+1 40
+1 40
+1 160
+3 40
+1 40
+1 40
+1 40
+1 40
+1 40
+1 40
+1 40
+1 40
+1 40
+1 40
+1 40
+1 40
+1 40
+1 40
+1 40
+1 40
+1 40
+1 40
+1 40
+1 40
+1 40
+1 40
+1 40
+2 40
+1 40
+1 40
+1 40
+1 40
+1 40
+1 40
+1 40
+1 40
+1 40
+1 40
+1 40
+1 40
+1 40
+1 40
+1 40
+1 40
-41 600
+1 600
+1 600
+1 600
+1 600
+1 600
+1 600
+1 600
+1 600
+1 600
+1 600
+1 600
+1 600
+1 600
+1 600
+1 600
+1 600
+1 600
+1 600
+1 600
+1 600
+1 600
+1 600
+1 600
+2 600
+1 600
+1 600
+1 600
+1 600
+1 600
+1 600
+1 600
+1 600
+1 600
+1 600
+1 600
+1 600
+1 600
+1 600
+1 600
+1 600
+1 600
+1 600
+1 600
+1 600
+1 600
+1 600
+1 600
+1 600
+1 600
+1 600
+1 600
+1 600
+1 600
+1 600
+1 600
+1 600
+1 600
+1 600
+1 600
-35 3840
+1 3840
+1 3840
+1 3840
+1 3840
+1 3840
+1 3840
+1 3840
+1 3840
+1 3840
+1 3840
+1 3840
+1 3840
+1 3840
+1 3840
+1 3840
+1 3840
+1 3840
+1 3840
+1 3840
+1 3840
+1 3840
+1 3840
+1 3840
+1 3840
+1 3840
+1 3840
+1 3840
+1 3840
+1 3840
+1 3840
+1 3840
+1 3840
+1 3840
+1 3840
+1 3840
+1 3840
+1 3840
+1 3840
+1 3840
+1 3840
+1 3840
+1 3840
+1 3840
-26 40
+1 40
+1 40
+1 40
+1 40
+1 40
+1 40
+1 40
+1 40
+1 40
+1 40
+1 40
+1 40
+1 40
+1 40
+1 40
+1 40
+1 40
+1 40
+1 40
+1 40
+1 40
+1 40
+1 40
+1 40
+1 40
+1 40
-7 600
+1 600
+1 600
+1 600
+1 600
+1 600
+1 600
+1 600
+1 3840
+1 3840
+1 3840
+1 3840
+1 3840
+1 3840
+1 3840
+1 3840
+1 3840
+1 3840
+1 3840
+1 3840
+1 3840
+1 3840
+2 640
+1 640
+1 640
+1 640
+1 640
+1 40
+1 40
+1 40
+1 40
+1 40
+1 40
+1 40
+1 40
+1 40
+1 40
+1 40
+1 40
+1 40
+1 40
+1 40
+1 40
+2 40
+1 40

fl=(1918) /home/dudkin.i/mesa/mesa/build/src/compiler/nir/nir_intrinsics_indices.h
fn=(16178) nir_intrinsic_set_access
447 450
+1 630
+1 360
+1 810
+1 270

fn=(16262) nir_intrinsic_set_legacy_fsat
1551 960
+1 1120
+1 640
+1 1440
+1 480

fn=(16084) nir_intrinsic_set_num_components
1407 525
+1 735
+1 420
+1 945
+1 315

fn=(16090) nir_intrinsic_set_divergent
1479 630
+1 735
+1 420
+1 945
+1 315

fn=(16278) nir_intrinsic_bit_size
1447 1280
+1 2240
+1 1280
+1 2560
+1 640
-4 420
+1 735
+1 420
+1 840
+1 210
-4 460
+1 805
+1 460
+1 920
+1 230

fn=(16286) nir_intrinsic_divergent
1471 460
+1 805
+1 460
+1 1150
+1 230

fn=(16370) nir_intrinsic_has_offset_shift
575 2415
+1 5635
+1 3220
+1 1610

fn=(16260) nir_intrinsic_set_write_mask
63 1025
+1 1435
+1 820
+1 1845
+1 615

fn=(16284) nir_intrinsic_set_legacy_fneg
1527 960
+1 1120
+1 640
+1 1440
+1 480

fn=(16368) nir_intrinsic_has_io_semantics
1063 2415
+1 5635
+1 3220
+1 1610

fn=(16088) nir_intrinsic_set_num_array_elems
1431 525
+1 735
+1 420
+1 945
+1 315

fn=(16258) nir_intrinsic_set_base
39 1600
+1 2240
+1 1280
+1 2880
+1 960

fn=(16366) nir_intrinsic_has_io_xfb
1095 2415
+1 5635
+1 3220
+1 1610

fn=(16556) nir_intrinsic_num_array_elems
1423 580
+1 1015
+1 580
+1 1160
+1 290

fn=(16086) nir_intrinsic_set_bit_size
1455 525
+1 735
+1 420
+1 945
+1 315

fn=(16276) nir_intrinsic_num_components
1399 1280
+1 2240
+1 1280
+1 2560
+1 640
-4 1060
+1 1855
+1 1060
+1 2120
+1 530
-4 460
+1 805
+1 460
+1 920
+1 230

fn=(16364) nir_intrinsic_has_write_mask
71 2415
+1 5635
+1 3220
+1 1610

fn=(16282) nir_intrinsic_set_legacy_fabs
1503 960
+1 1120
+1 640
+1 1440
+1 480

fn=(16438) nir_intrinsic_write_mask
55 1400
+1 2450
+1 1400
+1 2800
+1 700
-4 640
+1 1120
+1 640
+1 1280
+1 320

fl=(1943) /home/dudkin.i/mesa/mesa/build/../src/compiler/nir/nir_lower_frexp.c
fn=(16718) lower_frexp_instr
163 6090
+1 3480
+1 720
+2 1530
cfi=(1912)
cfn=(16232)
calls=510 2936 
* 6630
* 510
+3 2040
cfi=(1912)
cfn=(16668)
calls=510 4292 
* 6120
* 2040
+2 3060
+8 1020
+6 2610

fn=(16716) nir_lower_frexp
190 160
+1 240
cfi=(1917)
cfn=(16662)
calls=40 -61 
* 87630
+3 80

fl=(1898) /home/dudkin.i/mesa/mesa/build/../src/gallium/auxiliary/cso_cache/cso_cache.c
fn=(15838) cso_hash_find_data_from_template
120 8610
+1 6150
cfi=(1899)
cfn=(15840)
calls=1230 +54 
* 80582
* 2460
+1 1230
+1 3750
cfi=(1899)
cfn=(15864)
calls=750 +23 
* 15750
* 750
+1 5250
cob=(2)
cfi=(288)
cfn=(1086)
calls=750 -51 
* 14498
* 750
* 1500
+2 1500
-4 6150
cfi=(1899)
cfn=(15844)
calls=1230 +17 
* 26310
* 3690
+8 480
+1 2460

fl=(1956) /home/dudkin.i/mesa/mesa/build/../src/compiler/nir/nir_lower_io.c
fn=(16854) nir_is_arrayed_io
68 2225
+1 4005
cfi=(1915) /home/dudkin.i/mesa/mesa/build/../src/compiler/glsl_types.h
cfn=(16832) glsl_type_is_array
calls=445 554 
* 4005
* 1335
+1 890
+32 890

fl=(1318) /home/dudkin.i/mesa/mesa/build/../src/c11/impl/threads_posix.c
fn=(9618) call_once
52 400
+1 400
cob=(2)
cfi=(366)
cfn=(1666)
calls=80 +83 
* 480
* 80
+1 240

fn=(10328) impl_thrd_routine

fn=(10332) cnd_wait

fl=(1897) /home/dudkin.i/mesa/mesa/build/../src/gallium/auxiliary/tgsi/tgsi_parse.c
fn=(15814) tgsi_parse_init
37 640
+1 640
+1 640
+1 640
+6 480
+1 800
+2 320
+1 320

fn=(15818) tgsi_parse_end_of_tokens
61 20820
+5 20820
+1 48580
-1 13880
+2 13880

fn=(15820) tgsi_parse_token
100 11900
+4 8500
cfn=(15822) next_token
calls=1700 -14 
* 98600
+2 18980
+3 2580
+2 4300
cob=(2)
cfi=(291)
cfn=(1092)
calls=860 +87 
* 10320
* 860
+1 4300
cfn=(15824) copy_token
calls=860 -34 
* 9460
+2 5160
cfn=(15822)
calls=860 -24 
* 49880
+2 4300
+4 4300
+1 960
cfn=(15822)
calls=160 -31 
* 9280
+3 4300
+1 2040
cfn=(15822)
calls=340 -35 
* 19720
+3 4300
+4 4300
+1 1080
cfn=(15822)
calls=180 -43 
* 10440
+3 4300
+9 120
+3 200
cob=(2)
cfi=(291)
cfn=(1092)
calls=40 +50 
* 440
* 40
+1 200
cfn=(15824)
calls=40 -71 
* 440
+2 280
+2 880
+10 40
+1 720
cfn=(15822)
calls=80 -74 
* 4640
-1 380
+3 20
+4 40
+1 720
cfn=(15822)
calls=80 -81 
* 4640
-1 380
+3 20
+6 40
+5 2400
+2 4000
cob=(2)
cfi=(291)
cfn=(1092)
calls=800 +12 
* 20800
* 800
+1 4000
cfn=(15824)
calls=800 78 
* 8800
+2 4000
+4 4000
+1 1080
cfn=(15822)
calls=180 90 
* 10440
+1 1440
+5 4000
+4 4000
+2 1600
+2 6400
cfn=(15822)
calls=640 90 
* 37120
+2 5760
+3 6400
-7 10720
+20 4800
+2 1600
+2 8600
cfn=(15822)
calls=860 90 
* 49880
+2 8600
+3 8600
-7 12480
+20 800
140 860
270 10200

fn=(15824)
78 27120
+1 27120
+1 20340

fn=(15888) tgsi_parse_free
55 480
+1 480

fn=(15822)
90 25400
+1 15240
cfn=(15818)
calls=5080 -30 
* 86360
* 15240
+1 55880
cfn=(15824)
calls=5080 -14 
* 55880
+1 25400
+1 15240

fl=(1969) /home/dudkin.i/mesa/mesa/build/../src/compiler/nir/nir_range_analysis.c
fn=(17126) pack_data
131 144
+1 672
+1 96

fn=(17128) union_ranges
350 840
+12 360
+1 360
+2 1320
+1 240

fn=(17110) push_analysis_query
57 384
+1 336
cfi=(1844)
cfn=(15508)
calls=48 165 
* 3072
* 48
+1 96
+1 288
+2 336
cfi=(1844)
cfn=(15508)
calls=48 165 
* 3072
* 96
+2 48
+1 240

fn=(17112) nir_alu_src_type
148 144
+1 312
cfi=(1921)
cfn=(16202) nir_alu_type_get_base_type
calls=24 285 
* 192
* 24
+1 456
cfi=(1912)
cfn=(16230) nir_src_bit_size
calls=24 1164 
* 168
* 24
-1 24
+2 72

fn=(17116) get_fp_key
491 288
+1 144
+1 864
+2 288
cfi=(1912)
cfn=(17118) nir_def_is_alu
calls=72 2993 
* 2160
* 216
+1 48
+3 192
cfi=(1912)
cfn=(17120) nir_def_as_alu
calls=48 2993 
* 2016
* 48
+3 192
+7 240
cfi=(1921)
cfn=(16202)
calls=48 285 
* 384
* 144
+11 48
+1 48
+5 96
+1 144

fn=(17122) process_fp_query
578 576
+4 504
+1 144
+1 144
+1 144
+2 1368
cfi=(1912)
cfn=(16758) nir_src_is_const
calls=72 2998 
* 2664
* 216
+5 1368
cfi=(1912)
cfn=(17124) nir_src_is_alu
calls=72 2993 
* 2664
* 288
+1 216
cfn=(17126)
calls=24 131 
* 456
* 72
+5 528
cfi=(1912)
cfn=(17120)
calls=48 2993 
* 2016
* 48
+7 192
+14 192
+1 288
+6 168
cfn=(17108) push_fp_query
calls=24 482 
* 4656
+1 24
+57 96
+41 72
+1 72
+1 72
+44 72
+1 72
+1 72
+7 168
cfn=(17128)
calls=24 350 
* 624
* 240
cfn=(17128)
calls=24 350 
* 624
* 240
cfn=(17128)
calls=24 350 
* 624
* 72
+1 168
cfn=(17128)
calls=24 350 
* 624
* 240
cfn=(17128)
calls=24 350 
* 624
* 72
+2 480
1130 96
cfn=(17130) unpack_data
calls=24 137 
* 816
* 24
+1 24
1476 72
+4 96
+2 72
cfn=(17126)
calls=24 131 
* 456
* 48
+1 216

fn=(17104) nir_analyze_range
1490 216
+5 48
+1 168
cfi=(1844)
cfn=(17106)
calls=24 68 
* 840
+1 168
cfi=(1844)
cfn=(17106)
calls=24 68 
* 840
+1 24
+1 48
+1 48
+2 144
cfn=(17108)
calls=24 482 
* 6192
+2 72
cfn=(17114) perform_analysis
calls=24 70 
* 56088
* 48
cfn=(17130)
calls=24 137 
* 816
+1 120

fn=(17108)
482 384
+1 192
cfn=(17110)
calls=48 57 
* 8016
* 48
+1 144
+1 144
+1 216
cfn=(17112)
calls=24 148 
* 1416
* 96
+1 72
-1 48
+1 72

fn=(17114)
70 96
+1 24
+2 576
-1 144
+2 576
+2 360
cfn=(17116)
calls=72 491 
* 7560
* 72
+1 72
+4 384
+1 144
cfi=(1356) /home/dudkin.i/mesa/mesa/build/../src/util/hash_table.c
cfn=(9736) _mesa_hash_table_search
calls=24 403 
* 5184
* 24
-1 48
+7 864
+1 576
+2 216
+1 576
cfn=(17122)
calls=72 578 
* 26184
+2 216
+1 216
+1 192
+2 264
+1 24
+3 96
+1 240
cfi=(1356)
cfn=(9772) _mesa_hash_table_insert
calls=24 580 
* 7464
+2 336
-34 384
+37 96
+2 216
+1 96
cfi=(1844)
cfn=(16808)
calls=24 -34 
* 1200
+1 96
cfi=(1844)
cfn=(16808)
calls=24 -35 
* 1200
+2 24
+1 48

fn=(17130)
137 192
+2 96
+1 240
+2 96
+1 144
-2 240
-3 480
+6 144

fl=(1293) /home/dudkin.i/mesa/mesa/build/../src/gallium/frontends/lavapipe/lvp_device.c
fn=(10188) lvp_CreateDevice
cfn=(10218) lvp_queue_init
calls=0 1797 
1882 27482953

fn=(10218)
cfi=(1427)
cfn=(10274)
calls=0 204 
1809 27482953

fl=(1428) /home/dudkin.i/mesa/mesa/build/../src/gallium/drivers/llvmpipe/lp_rast.c
fn=(10348) thread_function

fl=(1907) /home/dudkin.i/mesa/mesa/build/../src/gallium/auxiliary/tgsi/tgsi_util.h
fn=(15928) tgsi_is_array_sampler
90 540
+6 360
-5 360
+1 360
+1 360
+1 360
+1 360
+1 720
+2 360

fl=(1957) /home/dudkin.i/mesa/mesa/build/../src/compiler/nir/nir_deref.c
fn=(16872) nir_deref_path_init
47 1350
+1 450
+7 225
+2 1350
+1 450
+2 450
+1 675
+1 900
+2 225
+1 675
+1 1125
-5 675
cfi=(1912)
cfn=(16858) nir_deref_instr_parent
calls=225 1823 
* 2700
* 1125
+8 675
+2 675
+1 225
+19 900
+1 1575
+1 900
+1 675

fn=(16874) nir_deref_path_finish
98 900
+1 1125
+1 900
-1 450
+3 675

fn=(16914) nir_deref_instr_has_indirect
126 180
+1 225
+12 45
+1 90

fl=(1608) /home/dudkin.i/mesa/mesa/build/../src/util/u_queue.c
fn=(15512) util_queue_thread_func

fl=(1358) /home/dudkin.i/mesa/mesa/build/../src/util/fast_urem_by_const.h
fn=(9762) util_fast_urem32
68 21636
+1 14424
+1 18030
cfn=(9764) _mul32by64_hi
calls=3606 -21 
* 82938
* 3606
+2 21636
+2 3606
+1 7212
-7 12600
+1 8400
+1 10500
cfn=(9764)
calls=2100 -21 
* 48300
* 2100
+2 12600
+2 2100
+1 4200

fn=(9764)
49 18030
+2 54090
+13 10818
-15 10500
+2 31500
+13 6300

fl=(1892) /home/dudkin.i/mesa/mesa/build/../src/gallium/auxiliary/tgsi/tgsi_opcode_tmp.h
fn=(15774) ureg_END
138 520
cfi=(1889)
cfn=(15748) ureg_emit_insn
calls=40 1266 
* 18898
* 240
cfi=(1889)
cfn=(15768) ureg_fixup_insn_size
calls=40 1391 
* 2640
* 80

fn=(17056) ureg_IMAX
149 120
cfi=(1891)
cfn=(15746)
calls=5 507 
* 105
* 65
cfi=(1889)
cfn=(15748)
calls=5 1266 
* 1215
* 35
cfi=(1889)
cfn=(15764) ureg_emit_dst
calls=5 1184 
* 800
* 30
cfi=(1889)
cfn=(15766) ureg_emit_src
calls=5 1118 
* 1721
* 30
cfi=(1889)
cfn=(15766)
calls=5 1118 
* 2920
* 25
cfi=(1889)
cfn=(15768)
calls=5 1391 
* 330
* 10

fn=(17098) ureg_F2I
139 480
cfi=(1891)
cfn=(15746)
calls=20 507 
* 420
* 260
cfi=(1889)
cfn=(15748)
calls=20 1266 
* 4860
* 140
cfi=(1889)
cfn=(15764)
calls=20 1184 
* 3200
* 120
cfi=(1889)
cfn=(15766)
calls=20 1118 
* 15501
* 100
cfi=(1889)
cfn=(15768)
calls=20 1391 
* 1320
* 40

fn=(17100) ureg_TXF_LZ
65 400
cfi=(1891)
cfn=(15746)
calls=20 507 
* 420
* 260
cfi=(1889)
cfn=(15748)
calls=20 1266 
* 4860
* 140
cfi=(1889)
cfn=(15760) ureg_emit_texture
calls=20 1343 
* 2260
* 120
cfi=(1889)
cfn=(15764)
calls=20 1184 
* 3200
* 120
cfi=(1889)
cfn=(15766)
calls=20 1118 
* 3940
* 120
cfi=(1889)
cfn=(15766)
calls=20 1118 
* 3940
* 100
cfi=(1889)
cfn=(15768)
calls=20 1391 
* 1320
* 40

fn=(15744) ureg_TEX_LZ
60 500
cfi=(1891)
cfn=(15746)
calls=25 507 
* 525
* 325
cfi=(1889)
cfn=(15748)
calls=25 1266 
* 10631
* 175
cfi=(1889)
cfn=(15760)
calls=25 1343 
* 2825
* 150
cfi=(1889)
cfn=(15764)
calls=25 1184 
* 6398
* 150
cfi=(1889)
cfn=(15766)
calls=25 1118 
* 4925
* 150
cfi=(1889)
cfn=(15766)
calls=25 1118 
* 12845
* 125
cfi=(1889)
cfn=(15768)
calls=25 1391 
* 1650
* 50

fn=(16990) ureg_UMIN
161 120
cfi=(1891)
cfn=(15746)
calls=5 507 
* 105
* 65
cfi=(1889)
cfn=(15748)
calls=5 1266 
* 1215
* 35
cfi=(1889)
cfn=(15764)
calls=5 1184 
* 800
* 30
cfi=(1889)
cfn=(15766)
calls=5 1118 
* 1721
* 30
cfi=(1889)
cfn=(15766)
calls=5 1118 
* 3053
* 25
cfi=(1889)
cfn=(15768)
calls=5 1391 
* 330
* 10

fn=(15772) ureg_MOV
40 1560
cfi=(1891)
cfn=(15746)
calls=65 507 
* 1365
* 845
cfi=(1889)
cfn=(15748)
calls=65 1266 
* 18045
* 455
cfi=(1889)
cfn=(15764)
calls=65 1184 
* 11270
* 390
cfi=(1889)
cfn=(15766)
calls=65 1118 
* 20275
* 325
cfi=(1889)
cfn=(15768)
calls=65 1391 
* 4290
* 130

fn=(17096) ureg_TRUNC
119 480
cfi=(1891)
cfn=(15746)
calls=20 507 
* 420
* 260
cfi=(1889)
cfn=(15748)
calls=20 1266 
* 4860
* 140
cfi=(1889)
cfn=(15764)
calls=20 1184 
* 9680
* 120
cfi=(1889)
cfn=(15766)
calls=20 1118 
* 3940
* 100
cfi=(1889)
cfn=(15768)
calls=20 1391 
* 1320
* 40

fl=(1947) /home/dudkin.i/mesa/mesa/build/../src/util/u_vector.h
fn=(16732) u_vector_length
68 120
+1 440
+1 80

fn=(16734) u_vector_finish
89 40
+1 40
cob=(2)
cfi=(193)
cfn=(1006)
calls=10 3516 
* 391
* 10
+1 30
-2 160
+1 160
cob=(2)
cfi=(193)
cfn=(1006)
calls=40 3516 
* 1564
* 40
+1 120
-2 360
+1 360
cob=(2)
cfi=(193)
cfn=(1006)
calls=90 3516 
* 3811
* 90
+1 270

fl=(1909)
fn=(15990) exec_list_is_empty
171 120
+11 240
+1 80
-12 1725
+11 3450
+1 1150
-12 435
+11 870
+1 290
-12 120
+11 240
+1 80
-12 120
+11 240
+1 80
-12 420
+11 840
+1 280
-12 2550
+11 5100
+1 1700
-12 120
+11 240
+1 80

fn=(16132) exec_node_get_next
70 31719
+1 21146
+1 21146
-2 510
+1 340
+1 340

fn=(16534) exec_node_is_head_sentinel
130 330
+1 440
+1 220
-2 240
+1 320
+1 160
-2 5856
+1 7808
+1 3904
-2 1275
+1 1700
+1 850

fn=(16316) exec_list_validate
315 4080
+3 6120
+1 4080
+1 4080
+1 7140
+6 4080
+1 22960
+1 22960
-2 36224
+4 4080

fn=(16594) exec_node_remove
88 1365
+1 2275
+1 2275
+1 910
+1 910
+1 1365

fn=(16134)
124 4230
+1 5640
+1 2820
-2 540
+1 720
+1 360
-2 42705
+1 56940
+1 28470
-2 11220
+1 14960
+1 7480
-2 2970
+1 3960
+1 1980
-2 2970
+1 3960
+1 1980
-2 2970
+1 3960
+1 1980
-2 2970
+1 3960
+1 1980
-2 3720
+1 4960
+1 2480
-2 3456
+1 4608
+1 2304
-2 240
+1 320
+1 160
-2 510
+1 680
+1 340
-2 3210
+1 4280
+1 2140
-2 6426
+1 8568
+1 4284
-2 240
+1 320
+1 160
-2 2970
+1 3960
+1 1980
-2 2970
+1 3960
+1 1980
-2 6600
+1 8800
+1 4400
-2 600
+1 800
+1 400
-2 435
+1 580
+1 290
-2 5856
+1 7808
+1 3904
-2 2970
+1 3960
+1 1980
-2 29982
+1 39976
+1 19988
-2 3240
+1 4320
+1 2160
-2 630
+1 840
+1 420
-2 528
+1 704
+1 352
-2 2940
+1 3920
+1 1960
-2 120
+1 160
+1 80
-2 2940
+1 3920
+1 1960
-2 2970
+1 3960
+1 1980

fn=(16804) exec_list_pop_head
251 440
+1 330
cfn=(16100) exec_list_get_head
calls=110 -52 
* 2660
* 110
+1 220
+1 30
cfn=(16594)
calls=10 88 
* 200
+2 110
+1 220

fn=(16910) exec_list_get_head_const
194 160
+1 120
cfn=(15990)
calls=40 -24 
* 440
* 240
+1 80

fn=(15946) exec_list_make_empty
162 750
+1 1000
+1 500
+1 500
+1 750
+1 750
-5 435
+1 580
+1 290
+1 290
+1 435
+1 435
-5 270
+1 360
+1 180
+1 180
+1 270
+1 270

fn=(16100)
200 1880
+1 1410
cfn=(15990)
calls=470 -30 
* 5170
* 2620
+1 940
-2 420
+1 315
cfn=(15990)
calls=105 -30 
* 1155
* 630
+1 210
-2 140
+1 105
cfn=(15990)
calls=35 -30 
* 385
* 210
+1 70
-2 160
+1 120
cfn=(15990)
calls=40 -30 
* 440
* 240
+1 80

fn=(17074) exec_node_insert_node_before
114 240
+1 180
+1 240
+2 240
+1 180
+1 180

fn=(15950) exec_list_push_tail
241 880
+1 880
+1 880
+2 880
+1 660
+1 660
-6 420
+1 420
+1 420
+2 420
+1 315
+1 315

fn=(16582) exec_node_get_prev
82 330
+1 220
+1 220
-2 1275
+1 850
+1 850

fn=(15958) exec_node_init
57 4275
+1 2850
+1 2850
+1 4275

fn=(15988) exec_list_get_tail
212 160
+1 120
cfn=(15990)
calls=40 -42 
* 440
* 240
+1 80
-2 160
+1 120
cfn=(15990)
calls=40 -42 
* 440
* 240
+1 80
-2 680
+1 510
cfn=(15990)
calls=170 -42 
* 1870
* 1020
+1 340

fn=(16126) exec_list_push_head
231 560
+1 560
+1 420
+2 560
+1 420
+1 420

fn=(16156) exec_node_insert_after
104 4420
+1 4420
+1 3315
+2 4420
+1 3315
+1 3315

fl=(1919) /home/dudkin.i/mesa/mesa/build/../src/compiler/nir/nir_inline_helpers.h
fn=(16114) nir_foreach_src
53 10620
+1 51920
+2 1590
cfi=(1912)
cfn=(16232)
calls=530 2936 
* 6890
* 530
+1 1060
+1 9360
-18 4320
cfi=(1904)
cfn=(16588) remove_use_cb
calls=10 1336 
* 220
cfi=(1904)
cfn=(17012) nir_instr_dce_add_dead_srcs_cb
calls=10 1428 
* 2470
cfi=(1904)
cfn=(16180) add_use_cb
calls=700 1214 
* 55300
* 2160
+2 720
+16 2160
-1 14470
+3 530
+3 405
cfi=(1912)
cfn=(16154) nir_instr_as_deref
calls=135 2938 
* 1755
* 135
+2 540
+5 540
+1 270
-1 270
+8 2820
cfi=(1912)
cfn=(16116)
calls=940 2946 
* 12220
* 940
+1 9400
+1 1880
+1 13140
-41 6570
cfi=(1904)
cfn=(16588)
calls=480 1336 
* 23040
cfi=(1904)
cfn=(16180)
calls=615 1214 
* 48585
* 3285
+2 1095
+39 3285
-1 7200
+4 940
+3 135
cfi=(1912)
cfn=(16250)
calls=45 2944 
* 585
* 45
+1 90
+1 2340
-49 1080
cfi=(1904)
cfn=(16180)
calls=180 1214 
* 14220
* 540
+2 180
+47 540
-1 1080
+4 45
+37 240
-54 135
+61 135
+1 270
-1 1515
+1 3270
-84 22212
+1 120574
+2 5376
cfi=(1912)
cfn=(16232)
calls=1792 2936 
* 23296
* 1792
+1 3584
+1 31122
-18 14364
cfi=(1922) /home/dudkin.i/mesa/mesa/build/../src/compiler/nir/nir_validate.c
cfn=(16490) validate_src_dominance
calls=2394 1699 
* 332766
* 7182
+2 2394
+16 7182
-1 48440
+3 1792
+3 1710
cfi=(1912)
cfn=(16154)
calls=570 2938 
* 7410
* 570
+2 2280
+5 2280
+1 1140
-1 1140
+8 2415
cfi=(1912)
cfn=(16116)
calls=805 2946 
* 10465
* 805
+1 8050
+1 1610
+1 12600
-41 6300
cfi=(1922)
cfn=(16490)
calls=1050 1699 
* 145950
* 3150
+2 1050
+39 3150
-1 6615
+4 805
+3 570
cfi=(1912)
cfn=(16250)
calls=190 2944 
* 2470
* 190
+1 380
+1 7280
-49 3360
cfi=(1922)
cfn=(16490)
calls=560 1699 
* 77840
* 1680
+2 560
+47 1680
-1 3560
+4 190
+37 690
-54 570
+61 570
+1 1140
-1 2787
+1 6264

fn=(16118) nir_foreach_def
47 27300
-40 68715
+2 2160
cfi=(1912)
cfn=(16232)
calls=720 2936 
* 9360
* 4320
cfi=(1904)
cfn=(16560) index_ssa_def_cb
calls=210 2180 
* 3360
cfi=(1904)
cfn=(16120) add_ssa_def_cb
calls=510 1225 
* 35700
* 720
+2 810
cfi=(1912)
cfn=(16154)
calls=270 2938 
* 3510
* 1620
cfi=(1904)
cfn=(16560)
calls=135 2180 
* 2160
cfi=(1904)
cfn=(16120)
calls=135 1225 
* 9450
* 270
+2 3090
cfi=(1912)
cfn=(16116)
calls=1030 2946 
* 13390
* 1030
+1 10300
+1 4340
cfi=(1904)
cfn=(16560)
calls=310 2180 
* 4960
cfi=(1904)
cfn=(16120)
calls=310 1225 
* 21700
* 620
+1 820
+3 270
cfi=(1912)
cfn=(16250)
calls=90 2944 
* 1170
* 540
cfi=(1904)
cfn=(16560)
calls=45 2180 
* 720
cfi=(1904)
cfn=(16120)
calls=45 1225 
* 3150
* 90
+4 390
cfi=(1912)
cfn=(16244) nir_instr_as_load_const
calls=130 2948 
* 1690
* 780
cfi=(1904)
cfn=(17016) nir_instr_free_and_dce_live_cb
calls=10 1397 
* 340
cfi=(1904)
cfn=(16560)
calls=55 2180 
* 880
cfi=(1904)
cfn=(16120)
calls=65 1225 
* 4550
* 130
+2 105
cfi=(1912)
cfn=(17072) nir_instr_as_undef
calls=35 2950 
* 455
* 210
cfi=(1904)
cfn=(16120)
calls=35 1225 
* 2450
* 35
+24 4550
-2 44424
-40 120574
+2 5376
cfi=(1912)
cfn=(16232)
calls=1792 2936 
* 23296
* 10752
cfi=(1922)
cfn=(16488) validate_ssa_def_dominance
calls=1792 1687 
* 191744
* 1792
+2 1710
cfi=(1912)
cfn=(16154)
calls=570 2938 
* 7410
* 3420
cfi=(1922)
cfn=(16488)
calls=570 1687 
* 60990
* 570
+2 2415
cfi=(1912)
cfn=(16116)
calls=805 2946 
* 10465
* 805
+1 8050
+1 3185
cfi=(1922)
cfn=(16488)
calls=455 1687 
* 48685
* 455
+1 700
+3 570
cfi=(1912)
cfn=(16250)
calls=190 2944 
* 2470
* 1140
cfi=(1922)
cfn=(16488)
calls=190 1687 
* 20330
* 190
+4 720
cfi=(1912)
cfn=(16244)
calls=240 2948 
* 3120
* 1440
cfi=(1922)
cfn=(16488)
calls=240 1687 
* 25680
* 240
+2 315
cfi=(1912)
cfn=(17072)
calls=105 2950 
* 1365
* 630
cfi=(1922)
cfn=(16488)
calls=105 1687 
* 11235
* 105
+24 7404

fl=(1938) /home/dudkin.i/mesa/mesa/build/../src/compiler/nir/nir_lower_uniforms_to_ubo.c
fn=(16660) nir_lower_uniforms_to_ubo
120 520
+1 40
+2 160
+5 280
cfi=(1917)
cfn=(16662)
calls=40 +2 
* 75750
* 40
+5 80
+33 160
+1 40
+1 240

fn=(16666) nir_lower_uniforms_to_ubo_instr
48 7830
+1 1740
+2 3480
+1 1560
+2 270
cfi=(1912)
cfn=(16116)
calls=90 2946 
* 1170
* 90
+2 360
cfi=(1912)
cfn=(16668)
calls=90 4292 
* 1080
* 360
+3 360
+8 360
+48 90
+1 5220

fl=(1314) /home/dudkin.i/mesa/mesa/build/../src/util/u_math.h
fn=(9428) align64
720 26885
+1 16131
cfi=(1324)
cfn=(9430) util_is_power_of_two_nonzero64
calls=5377 190 
* 80655
* 10754
+1 37639
+1 10754

fn=(9668) align
713 1010
+1 606
cfi=(1324)
cfn=(9670) util_is_power_of_two_nonzero
calls=202 166 
* 3030
* 404
+1 1414
+1 404

fl=(1951) /home/dudkin.i/mesa/mesa/build/../src/compiler/nir/nir_search.c
fn=(17032) nir_replace_instr
707 1216
+1 128
+2 128
+1 1024
-1 1856
+4 64
+1 64
+1 128
+1 192
+1 128
+5 640
-1 64
+3 64
+1 128
+4 168
+1 84
+3 168
-1 840
cfn=(17034) match_expression
calls=84 375 
* 118944
* 168
-7 528
+14 256
+1 128
+80 384

fn=(16782) nir_search_op_for_nir_op
156 3186
+14 10916
+5 88
+6 1018
+5 2124

fn=(17040) match_value
245 1560
+6 1248
+5 208
+1 7488
-1 1976
+4 416
+4 904
+10 192
cfi=(1966) /home/dudkin.i/mesa/mesa/build/../src/compiler/nir/nir_search.h
cfn=(17042) nir_search_value_as_variable
calls=64 -27 
* 832
* 64
+1 320
+2 320
+4 664
cfi=(1968) /home/dudkin.i/mesa/mesa/build/../src/compiler/nir/nir_search_helpers.h
cfn=(17102) is_integral
calls=24 886 
* 66336
* 72
+2 48
+2 160
+4 520
+1 500
+1 40
+9 260
+1 560
+2 40
+1 960
+1 1440
+2 3600
-4 1000
+7 40
+5 120
cfi=(1966)
cfn=(17044) nir_search_value_as_constant
calls=40 -65 
* 520
* 40
+2 760
cfi=(1912)
cfn=(16758)
calls=40 2998 
* 1480
* 160
+1 40
+2 260
+30 380
cfi=(1912)
cfn=(16230)
calls=20 1164 
* 140
* 40
+1 60
cfi=(1967) /home/dudkin.i/mesa/mesa/build/../src/util/macros.h
cfn=(17046) u_uintN_max
calls=20 +93 
* 320
* 20
+1 40
+2 40
-1 400
cfi=(1912)
cfn=(17048) nir_src_comp_as_uint
calls=20 3023 
* 2680
* 40
+2 120
+1 40
-4 60
+17 624

fn=(16772) nir_algebraic_impl
916 810
+1 90
+2 450
cfi=(1917)
cfn=(16524)
calls=90 52 
* 4680
+6 270
+1 630
cfi=(1844)
cfn=(16774)
calls=90 128 
* 14215
* 180
+3 540
cob=(2)
cfi=(291)
cfn=(1092)
calls=90 198 
* 1220
* 90
+3 360
cfi=(1356)
cfn=(16776) _mesa_pointer_hash_table_init
calls=90 818 
* 13050
+3 360
cfi=(1356)
cfn=(16776)
calls=90 818 
* 13050
+3 180
+1 180
+3 270
cfi=(1952) /home/dudkin.i/mesa/mesa/build/../src/compiler/nir/nir_worklist.h
cfn=(16778) nir_instr_worklist_init
calls=90 84 
* 18884
+3 270
cfi=(1912)
cfn=(16350)
calls=90 3672 
* 630
* 180
+1 360
cfi=(1909)
cfn=(16134)
calls=90 124 
* 810
* 630
+1 13034
cfn=(16780) nir_algebraic_automaton
calls=1862 826 
* 112278
-1 7448
cfi=(1909)
cfn=(16134)
calls=1862 124 
* 16758
* 16668
-1 270
cfi=(1904)
cfn=(16526)
calls=90 1933 
* 8640
* 450
+10 270
cfi=(1912)
cfn=(16784) nir_impl_last_block
calls=90 3678 
* 630
* 180
+1 360
cfi=(1909)
cfn=(16534)
calls=90 130 
* 810
* 630
+1 3724
+1 7448
+1 5310
cfi=(1952)
cfn=(16786) nir_instr_worklist_push_tail
calls=1062 110 
* 72292
-3 7448
cfi=(1909)
cfn=(16534)
calls=1862 130 
* 16758
* 16668
-1 270
cfi=(1904)
cfn=(16790) nir_block_cf_tree_prev
calls=90 1979 
* 8640
* 450
+9 270
cfi=(1909)
cfn=(15946)
calls=90 162 
* 1530
+3 90
+5 4248
+3 12744
cfn=(16798) nir_algebraic_instr
calls=1062 -93 
* 215424
* 7434
-8 3456
cfi=(1952)
cfn=(16794) nir_instr_worklist_pop_head
calls=1152 117 
* 58806
* 3456
+13 270
cfi=(1904)
cfn=(16802) nir_instr_free_list
calls=90 1387 
* 4680
+2 270
cfi=(1952)
cfn=(16806) nir_instr_worklist_fini
calls=90 104 
* 5791
+1 360
cfi=(1356)
cfn=(16622) _mesa_hash_table_fini
calls=90 285 
* 1620
+1 360
cfi=(1356)
cfn=(16622)
calls=90 285 
* 1620
+1 270
cfi=(1844)
cfn=(16808)
calls=90 77 
* 8727
+2 540
cfi=(1925)
cfn=(16528)
calls=90 73 
* 3330
+1 450

fn=(17036) nir_op_matches_search_op
119 504
+1 168
+1 336
+31 168

fn=(16798)
882 9558
+2 4248
+3 3186
cfi=(1912)
cfn=(16232)
calls=1062 2936 
* 13806
* 1062
+2 3186
cfi=(1912)
cfn=(16800) nir_alu_instr_is_signed_zero_inf_nan_preserve
calls=1062 1601 
* 13806
* 1062
+2 10620
+2 14868
+3 1088
+1 832
-1 128
+4 640
-2 64
+1 640
-1 832
cfn=(17032)
calls=64 707 
* 127492
* 64
-1 128
-2 136
-1 4792
+15 1062
+1 2124

fn=(16780)
826 11172
+1 11580
+2 3186
cfi=(1912)
cfn=(16232)
calls=1062 2936 
* 13806
* 1062
+1 3186
+1 3186
cfn=(16782)
calls=1062 156 
* 17332
* 1062
+1 9558
+1 4248
+1 1780
+7 172
+1 344
+1 1920
+1 1536
+1 8160
-3 5388
+7 1376
+2 1720
+1 1216
+1 304
+2 40
+4 390
cfi=(1912)
cfn=(16244)
calls=130 2948 
* 1690
* 130
+1 1040
+2 650
+1 390
+1 260
+6 670
+2 3724

fn=(17034)
375 756
+1 336
+3 420
+3 420
+3 420
+3 756
cfn=(17036)
calls=84 119 
* 1176
* 252
+3 336
+4 1596
+1 252
cfi=(1912)
cfn=(17038) nir_alu_instr_is_exact
calls=84 1607 
* 1092
* 924
+1 336
+3 840
+11 504
+4 840
+13 168
+3 168
-2 80
-1 80
+2 360
-3 164
+6 44
+1 88
-1 40
+1 80
+2 936
+5 3328
cfn=(17040)
calls=104 245 
* 100152
* 416
+3 84
+1 84
-11 1164
+15 84
+1 168

fl=(1963) /home/dudkin.i/mesa/mesa/build/../src/gallium/drivers/llvmpipe/lp_state_fs.h
fn=(16958) lp_fs_variant_key_size
111 160
+2 240
+1 200
-1 80
+2 80

fl=(1931) /home/dudkin.i/mesa/mesa/build/../src/compiler/nir/nir_lower_reg_intrinsics_to_ssa.c
fn=(16548) nir_lower_reg_intrinsics_to_ssa_impl
122 280
+1 40
+1 160
cfi=(1912)
cfn=(16550) nir_next_decl_reg
calls=40 6779 
* 3800
* 80
+1 120
cfn=(16554) should_lower_reg
calls=40 16 
* 1440
* 80
+1 40
+1 40
-3 80
+6 160
+4 200
cfi=(1925)
cfn=(16466)
calls=40 32 
* 2880
+2 120
cfi=(1904)
cfn=(16558) nir_index_ssa_defs
calls=40 2193 
* 112800
+2 80
cfi=(1323) /home/dudkin.i/mesa/mesa/build/../src/util/ralloc.c
cfn=(9424) ralloc_context
calls=40 -34 
* 5400
* 40
+2 200
cfi=(1917)
cfn=(16524)
calls=40 -88 
* 2080
* 400
+1 240
+1 200
cfi=(1323)
cfn=(9770) ralloc_array_size
calls=40 +77 
* 11088
* 40
+1 120
cfi=(1932) /home/dudkin.i/mesa/mesa/build/../src/compiler/nir/nir_phi_builder.c
cfn=(16562) nir_phi_builder_create
calls=40 -50 
* 58291
* 40
+1 240
cfi=(1323)
cfn=(16042) rzalloc_array_size
calls=40 +84 
* 11386
* 40
+3 120
cfi=(1904)
cfn=(16470) nir_unstructured_start_block
calls=40 1927 
* 640
* 80
+1 160
cfi=(1909)
cfn=(16134)
calls=40 -24 
* 360
* 520
cfi=(1909)
cfn=(16134)
calls=40 -24 
* 360
* 280
+1 3840
+3 1545
cfi=(1912)
cfn=(16116)
calls=515 2946 
* 6695
* 515
+1 3980
+11 90
-9 525
cfn=(16564) setup_reg
calls=105 38 
* 190905
+1 105
+2 800
cfn=(16596) rewrite_load
calls=160 -95 
* 210786
+1 160
+2 800
cfn=(16574) rewrite_store
calls=160 -79 
* 823863
+1 160
-12 890
+14 90
-16 11200
cfi=(1909)
cfn=(16134)
calls=920 -24 
* 8280
* 8400
-1 120
cfi=(1904)
cfn=(16472) nir_block_unstructured_next
calls=40 1906 
* 2160
* 200
+22 120
cfi=(1932)
cfn=(16606) nir_phi_builder_finish
calls=40 273 
* 27450
+2 120
cfi=(1323)
cfn=(11546) ralloc_free
calls=40 +85 
* 10680
+2 200
cfi=(1925)
cfn=(16528)
calls=40 73 
* 1440
+1 200

fn=(16546) nir_lower_reg_intrinsics_to_ssa
178 280
+1 40
+2 120
cfi=(1912)
cfn=(16510)
calls=40 3994 
* 1360
* 240
+1 120
cfn=(16548)
calls=40 -60 
* 1531044
* 200
-1 120
cfi=(1912)
cfn=(16512)
calls=40 4005 
* 1120
* 480
+4 40
+1 200

fn=(16554)
16 580
+6 435
cfi=(1918)
cfn=(16556)
calls=145 1423 
* 3625
* 290
+1 290

fn=(16574)
82 1440
+1 480
+1 480
+1 480
+2 1440
+1 320
+3 480
cfi=(1912)
cfn=(16274) nir_def_as_intrinsic
calls=160 2994 
* 6720
* 160
+1 480
cfi=(1918)
cfn=(16276)
calls=160 1399 
* 4000
* 160
+1 480
cfi=(1918)
cfn=(16438)
calls=160 -38 
* 4000
* 160
+3 1920
+2 300
cfi=(1932)
cfn=(16598) nir_phi_builder_value_get_block_def
calls=60 +91 
* 81118
* 60
+2 1260
+1 240
cfi=(1912)
cfn=(16668)
calls=60 4292 
* 720
* 240
+2 120
+1 1920
+1 534
cfi=(1917)
cfn=(17066) nir_channel
calls=89 868 
* 120644
* 267
+2 906
cfi=(1917)
cfn=(17066)
calls=151 868 
* 204736
* 302
-4 1140
+7 360
cfi=(1917)
cfn=(17076) nir_vec
calls=60 701 
* 269096
* 60
+3 360
cfi=(1932)
cfn=(16576) nir_phi_builder_value_set_block_def
calls=60 +65 
* 20880
* 600
cfi=(1932)
cfn=(16576)
calls=100 +65 
* 34800
+1 480
cfi=(1912)
cfn=(16578) nir_instr_remove
calls=160 4509 
* 54720
+2 640
cfi=(1912)
cfn=(16566) nir_def_is_unused
calls=160 4656 
* 2880
* 320
+2 960

fn=(16564)
38 735
+1 420
cfi=(1912)
cfn=(16566)
calls=105 4656 
* 1890
* 210
+5 1050
+1 315
cfn=(16554)
calls=105 -29 
* 3780
* 315
+3 315
cfi=(1918)
cfn=(16276)
calls=105 1399 
* 2625
* 105
+1 315
cfi=(1918)
cfn=(16278)
calls=105 1447 
* 2625
* 105
+2 945
cob=(2)
cfi=(291)
cfn=(1092)
calls=105 198 
* 1575
* 105
+2 1905
cfi=(1912)
cfn=(16378) nir_src_is_if
calls=320 1057 
* 2560
* 1920
cfi=(1912)
cfn=(16406) nir_src_parent_instr
calls=320 1063 
* 7040
* 640
cfi=(1912)
cfn=(16116)
calls=320 2946 
* 4160
* 640
cfi=(1912)
cfn=(16568) nir_is_store_reg
calls=320 6830 
* 4320
* 640
+1 480
cfi=(1912)
cfn=(16406)
calls=160 1063 
* 3520
* 1920
cfi=(1912)
cfn=(16406)
calls=160 1063 
* 3520
* 2400
-1 640
cfi=(1317)
cfn=(9838)
calls=160 +75 
* 3360
* 640
cfi=(1317)
cfn=(9838)
calls=160 +75 
* 3360
* 1920
cfi=(1317)
cfn=(9840)
calls=320 +70 
* 2880
* 4470
+5 210
-1 210
-1 735
+1 420
cfi=(1932)
cfn=(16570) nir_phi_builder_add_value
calls=105 +63 
* 118230
-1 210
+3 525

fn=(16596)
63 800
+1 480
+1 480
+2 1440
+1 320
+3 480
cfi=(1912)
cfn=(16274)
calls=160 2994 
* 6720
* 160
+1 800
cfi=(1932)
cfn=(16598)
calls=160 189 
* 95040
* 160
+2 960
cfi=(1912)
cfn=(16600) nir_def_replace
calls=160 4632 
* 78560
+2 640
cfi=(1912)
cfn=(16566)
calls=160 4656 
* 2880
* 320
+1 315
cfi=(1912)
cfn=(16578)
calls=105 4509 
* 19806
* 105
+1 320

fl=(1342) /home/dudkin.i/mesa/mesa/build/../src/gallium/drivers/llvmpipe/lp_screen.c
fn=(16696) llvmpipe_finalize_nir
505 280
+1 120
cfi=(1941) /home/dudkin.i/mesa/mesa/build/../src/gallium/auxiliary/gallivm/lp_bld_nir.c
cfn=(16698) lp_build_opt_nir
calls=40 32 
* 2833075
+1 120

fl=(1595) /home/dudkin.i/mesa/mesa/build/../src/util/blake3/blake3_dispatch.c
fn=(16006) blake3_simd_degree
303 120
+2 40
cfn=(11410) get_cpu_features
calls=40 115 
* 760
* 40
+3 160
+5 160
+1 80
+18 80

fn=(16008) blake3_hash_many
253 640
+2 40
cfn=(11410)
calls=40 115 
* 760
* 40
+3 160
+8 160
+1 680
cfi=(1914)
cfn=(16010)
calls=40 32 
* 272880
* 40
+3 40
+30 80

fn=(11410)
115 3600
+3 2400
+1 1200
+1 1200
+46 3000

fn=(11408) blake3_compress_xof
200 480
+2 40
cfn=(11410)
calls=40 -87 
* 760
* 40
+3 160
+6 160
+1 400
cfi=(1596)
cfn=(11418)
calls=40 1902 
* 19000
+1 40
+11 80

fn=(11598) blake3_compress_in_place
171 5280
+2 480
cfn=(11410)
calls=480 -58 
* 9120
* 480
+3 1920
+6 1920
+1 3840
cfi=(1596)
cfn=(11600)
calls=480 1801 
* 224160
+1 480
+11 960

fl=(1912)
fn=(15992) nir_after_cf_node
4369 160
+1 160
+1 120
cfn=(15994) nir_cf_node_as_block
calls=40 3714 
* 520
* 80
cfn=(15996) nir_after_block
calls=40 -88 
* 480
* 120
+3 160

fn=(16098) nir_before_cf_list
4408 720
+1 540
cfi=(1909)
cfn=(16100)
calls=180 200 
* 4680
* 180
+2 540
cfn=(16102) nir_before_cf_node
calls=180 -51 
* 8100
* 540
+1 540
-4 420
+1 315
cfi=(1909)
cfn=(16100)
calls=105 200 
* 2730
* 105
+2 315
cfn=(16102)
calls=105 -51 
* 4725
* 315
+1 315
-4 140
+1 105
cfi=(1909)
cfn=(16100)
calls=35 200 
* 910
* 35
+2 105
cfn=(16102)
calls=35 -51 
* 1575
* 105
+1 105

fn=(16128) nir_after_instr
4301 14958
+2 4986
+1 9972
+1 14958
+1 14958
-5 3615
+2 1205
+1 2410
+1 3615
+1 3615
-5 1077
+2 359
+1 718
+1 1077
+1 1077

fn=(16176) nir_src_init
1105 945
+1 945
+1 2835
+1 945
-3 1095
+1 1095
+1 3285
+1 1095
-3 1440
+1 1440
+1 4320
+1 1440
-3 3285
+1 3285
+1 9855
+1 3285

fn=(16182) nir_src_set_parent_instr
1093 8600
+1 10320
cfn=(16184) _nir_src_set_parent
calls=1720 -13 
* 36120
+1 5160

fn=(16184)
1081 12040
+1 3440
+1 6880
+2 3440
+3 5160
+1 5160

fn=(16386) nir_def_is_deref
2997 630
cfn=(16270) nir_def_instr_const
calls=90 2856 
* 1620
* 2340
cfn=(16270)
calls=270 2856 
* 4860
* 1665
cfn=(16270)
calls=45 2856 
* 810
* 610
cfn=(16270)
calls=55 2856 
* 990
* 4195
cfn=(16270)
calls=560 2856 
* 10080
* 3115
cfn=(16270)
calls=45 2856 
* 810
* 225

fn=(16406)
1063 1220
+1 915
cfn=(16378)
calls=305 -7 
* 2440
* 915
+3 610
+1 610
-5 32032
+1 24024
cfn=(16378)
calls=8008 -7 
* 64064
* 24024
+3 16016
+1 16016
-5 2560
+1 1920
cfn=(16378)
calls=640 -7 
* 5120
* 1920
+3 1280
+1 1280

fn=(16440) nir_deref_mode_may_be
1722 4050
+1 1620
+1 3240
+1 4050
+1 1620
-4 225
+1 90
+1 180
+1 225
+1 90
-4 275
+1 110
+1 220
+1 275
+1 110
-4 950
+1 380
+1 760
+1 950
+1 380

fn=(16496) nir_cf_node_is_last
3710 680
+1 680
cfi=(1909)
cfn=(16134)
calls=170 124 
* 1530
+1 340

fn=(16506) should_skip_nir
4837 2120
+2 1590
+7 2120
+1 1060
+3 1060
-13 160
+2 120
+7 160
+1 80
+3 80
-13 1760
+2 1320
+7 1760
+1 880
+3 880

fn=(16566)
4656 80
+1 60
cfi=(1317)
cfn=(9840)
calls=20 123 
* 180
+1 40
-2 1700
+1 1275
cfi=(1317)
cfn=(9840)
calls=425 123 
* 3825
+1 850

fn=(16578)
4509 80
+2 60
cfn=(16580) nir_instr_prev
calls=20 991 
* 650
* 20
+1 40
+1 30
cfn=(16128)
calls=10 4301 
* 120
* 50
+2 40
cfn=(16104) nir_before_block
calls=10 4274 
* 120
* 40
+2 30
cfi=(1904)
cfn=(16584) nir_instr_remove_v
calls=10 1353 
* 810
* 30
cfi=(1904)
cfn=(16584)
calls=10 1353 
* 1870
+1 60
+1 60
-10 1700
+2 1275
cfn=(16580)
calls=425 991 
* 13666
* 425
+1 850
+1 1077
cfn=(16128)
calls=359 4301 
* 4308
* 1795
+2 264
cfn=(16104)
calls=66 4274 
* 792
* 264
+2 198
cfi=(1904)
cfn=(16584)
calls=66 1353 
* 7722
* 1077
cfi=(1904)
cfn=(16584)
calls=359 1353 
* 78963
+1 1275
+1 1275

fn=(16756)
2998 7436
cfn=(16758)
calls=572 * 
* 21164
* 1746
cfn=(17000) nir_def_as_load_const
calls=10 * 
* 420
* 1716

fn=(16924) nir_alu_instr_channel_used
1625 4320
+1 3600
cfi=(1904)
cfn=(16412)
calls=720 3201 
* 15120
* 1440
+1 1440

fn=(15994)
3714 10140

fn=(16104)
4274 570
+2 190
+1 380
+1 570
+1 570
-5 315
+2 105
+1 210
+1 315
+1 315
-5 105
+2 35
+1 70
+1 105
+1 105
-5 198
+2 66
+1 132
+1 198
+1 198

fn=(16230)
1164 2760
+1 4140
+1 2760
-2 48
+1 72
+1 48
-2 40
+1 60
+1 40
-2 5108
+1 7662
+1 5108
-2 480
+1 720
+1 480
-2 190
+1 285
+1 190

fn=(16266) nir_reg_get_decl
6769 460
+1 345
cfn=(16268) nir_def_is_intrinsic
calls=115 2994 
* 3450
* 230
+1 345
cfn=(16274)
calls=115 2994 
* 4830
* 115
+1 460
+2 115
+1 230

fn=(16272) nir_def_instr_nonconst
2838 540
+13 720
+1 360
-14 225
+13 300
+1 150
-14 1620
+13 2160
+1 1080
-14 270
+13 360
+1 180
-14 2076
+13 2768
+1 1384
-14 936
+13 1248
+1 624
-14 240
+13 320
+1 160
-14 16332
+13 21776
+1 10888
-14 1440
+13 1920
+1 960
-14 39
+13 52
+1 26
-14 690
+13 920
+1 460
-14 270
+13 360
+1 180
-14 270
+13 360
+1 180

fn=(16538) nir_no_progress
4194 160
+1 200
cfi=(1925)
cfn=(16528)
calls=40 73 
* 1480
+1 80
-2 160
+1 200
cfi=(1925)
cfn=(16528)
calls=40 73 
* 1480
+1 80
-2 160
+1 200
cfi=(1925)
cfn=(16528)
calls=40 73 
* 1480
+1 80

fn=(16568)
6830 960
+1 1280
+1 320
-1 960
+2 320
-2 160
+2 320

fn=(16600)
4632 800
+1 800
cfi=(1904)
cfn=(16602) nir_def_rewrite_uses
calls=160 1724 
* 31840
+1 480
cfn=(16272)
calls=160 2838 
* 1440
* 320
cfn=(16578)
calls=160 4509 
* 42400
+1 480

fn=(16604) nir_src_rewrite
4563 850
+1 680
+1 510
cfn=(16378)
calls=170 1057 
* 1360
* 850
cfn=(16406)
calls=170 1063 
* 3740
* 680
+1 680
cfi=(1317)
cfn=(16592)
calls=170 108 
* 3740
+1 510
+1 1020
cfi=(1317)
cfn=(9996)
calls=170 86 
* 3570
+1 510

fn=(15984) nir_function_set_impl
4163 160
+1 120
+1 120
+1 120

fn=(15986) nir_after_cf_list
4416 160
+1 120
cfi=(1909)
cfn=(15988)
calls=40 212 
* 1040
* 40
+2 120
cfn=(15992)
calls=40 -50 
* 1800
* 120
+1 120

fn=(15996)
4283 120
+2 40
+1 80
+1 120
+1 120

fn=(16102)
4360 720
+1 720
+1 540
cfn=(15994)
calls=180 3714 
* 2340
* 360
cfn=(16104)
calls=180 -88 
* 2160
* 540
+3 720
-5 420
+1 420
+1 315
cfn=(15994)
calls=105 3714 
* 1365
* 210
cfn=(16104)
calls=105 -88 
* 1260
* 315
+3 420
-5 140
+1 140
+1 105
cfn=(15994)
calls=35 3714 
* 455
* 70
cfn=(16104)
calls=35 -88 
* 420
* 105
+3 140

fn=(16216) nir_component_mask
141 180
+1 135
cfi=(1324)
cfn=(16218) nir_num_components_valid
calls=45 270 
* 540
* 90
+1 270
+1 90

fn=(16270)
2856 720
+1 540
cfn=(16272)
calls=180 -19 
* 1620
+1 360
-2 180
+1 135
cfn=(16272)
calls=45 -19 
* 405
+1 90
-2 2160
+1 1620
cfn=(16272)
calls=540 -19 
* 4860
+1 1080
-2 360
+1 270
cfn=(16272)
calls=90 -19 
* 810
+1 180
-2 2768
+1 2076
cfn=(16272)
calls=692 -19 
* 6228
+1 1384
-2 1248
+1 936
cfn=(16272)
calls=312 -19 
* 2808
+1 624
-2 320
+1 240
cfn=(16272)
calls=80 -19 
* 720
+1 160
-2 4480
+1 3360
cfn=(16272)
calls=1120 -19 
* 10080
+1 2240
-2 1280
+1 960
cfn=(16272)
calls=320 -19 
* 2880
+1 640
-2 920
+1 690
cfn=(16272)
calls=230 -19 
* 2070
+1 460
-2 360
+1 270
cfn=(16272)
calls=90 -19 
* 810
+1 180
-2 360
+1 270
cfn=(16272)
calls=90 -19 
* 810
+1 180

fn=(16382)
2997 1170
cfn=(16384) nir_src_is_deref
calls=90 * 
* 3330
* 540
cfn=(16388)
calls=90 * 
* 3780
* 3780
cfn=(16384)
calls=270 * 
* 9990
* 1620
cfn=(16388)
calls=270 * 
* 11340
* 1395
cfn=(16384)
calls=45 * 
* 1665
* 270
cfn=(16388)
calls=45 * 
* 1890
* 850
cfn=(16384)
calls=55 * 
* 2035
* 330
cfn=(16388)
calls=55 * 
* 2310
* 7445
cfn=(16384)
calls=560 * 
* 20720
* 3360
cfn=(16388)
calls=560 * 
* 23520
* 2265
cfn=(16384)
calls=45 * 
* 1665
* 270
cfn=(16388)
calls=45 * 
* 1890
* 135

fn=(16456) nir_cf_node_next
3684 12640
+1 9480
cfi=(1909)
cfn=(16132)
calls=3160 70 
* 22120
* 3160
+1 9480
cfi=(1909)
cfn=(16134)
calls=3160 124 
* 28440
* 6320
+1 6320
+3 6320
-6 680
+1 510
cfi=(1909)
cfn=(16132)
calls=170 70 
* 1190
* 170
+1 510
cfi=(1909)
cfn=(16134)
calls=170 124 
* 1530
* 340
+1 340
+3 340

fn=(16758)
2998 225
cfn=(16760) nir_def_is_const
calls=45 * 
* 1350
* 2950
cfn=(16760)
calls=572 * 
* 17160
* 1504
cfn=(16760)
calls=72 * 
* 2160
* 444
cfn=(16760)
calls=60 * 
* 1800
* 120

fn=(16784)
3678 270
+1 180
+1 180

fn=(16850) nir_deref_instr_get_variable
1832 180
+1 225
+7 90
+1 90
-9 720
+1 900
+7 360
+1 360
-9 180
+1 225
+7 90
+1 90

fn=(16888) nir_intrinsic_get_var
1972 225
+1 720
cfn=(16382)
calls=45 2997 
* 4545
* 135
cfn=(16850)
calls=45 1832 
* 585
+1 90
-2 225
+1 720
cfn=(16382)
calls=45 2997 
* 4545
* 135
cfn=(16850)
calls=45 1832 
* 585
+1 90

fn=(17072)
2950 3640

fn=(16124) nir_cf_node_as_function
3720 46735

fn=(16154)
2938 46904

fn=(16514) should_print_nir
4854 1620
+1 2160
+1 1080
-1 1080
+2 1080
-1 1080
+4 4860
+1 1080
-7 120
+1 160
+1 80
-1 80
+2 80
-1 80
+4 360
+1 80
-7 1560
+1 2080
+1 1040
-1 1040
+2 1040
-1 1040
+4 4680
+1 1040

fn=(17020) nir_instr_get_gc_pointer
4539 40
+1 50
+3 10
+1 20

fn=(16384)
2997 450
cfn=(16386)
calls=90 * 
* 2700
* 1530
cfn=(16386)
calls=270 * 
* 8100
* 765
cfn=(16386)
calls=45 * 
* 1350
* 365
cfn=(16386)
calls=55 * 
* 1650
* 2910
cfn=(16386)
calls=560 * 
* 16800
* 1345
cfn=(16386)
calls=45 * 
* 1350
* 90

fn=(16450) nir_first_phi_in_block
3306 160
+1 160
cfi=(1909)
cfn=(16134)
calls=40 124 
* 360
* 280
+1 160
+3 80
-4 80
+8 80
-9 680
+1 680
cfi=(1909)
cfn=(16134)
calls=170 124 
* 1530
* 1190
+7 170
+1 340

fn=(16510)
3994 360
+1 360
cfi=(1909)
cfn=(16134)
calls=90 124 
* 810
* 630
+1 360
+1 180
-2 180
+6 180
-7 720
+1 720
cfi=(1909)
cfn=(16134)
calls=180 124 
* 1620
* 1260
+1 720
+1 360
-2 360
+6 360
-7 320
+1 320
cfi=(1909)
cfn=(16134)
calls=80 124 
* 720
* 560
+1 320
+1 160
-2 160
+6 160
-7 160
+1 160
cfi=(1909)
cfn=(16134)
calls=40 124 
* 360
* 280
+1 160
+1 80
-2 80
+6 80
-7 160
+1 160
cfi=(1909)
cfn=(16134)
calls=40 124 
* 360
* 280
+1 160
+1 80
-2 80
+6 80
-7 160
+1 160
cfi=(1909)
cfn=(16134)
calls=40 124 
* 360
* 280
+1 160
+1 80
-2 80
+6 80
-7 160
+1 160
cfi=(1909)
cfn=(16134)
calls=40 124 
* 360
* 280
+1 160
+1 80
-2 80
+6 80
-7 320
+1 320
cfi=(1909)
cfn=(16134)
calls=80 124 
* 720
* 560
+1 320
+1 160
-2 160
+6 160
-7 200
+1 200
cfi=(1909)
cfn=(16134)
calls=50 124 
* 450
* 350
+1 200
+1 100
-2 100
+6 100
-7 160
+1 160
cfi=(1909)
cfn=(16134)
calls=40 124 
* 360
* 280
+1 160
+1 80
-2 80
+6 80
-7 160
+1 160
cfi=(1909)
cfn=(16134)
calls=40 124 
* 360
* 280
+1 160
+1 80
-2 80
+6 80
-7 360
+1 360
cfi=(1909)
cfn=(16134)
calls=90 124 
* 810
* 630
+1 360
+1 180
-2 180
+6 180
-7 160
+1 160
cfi=(1909)
cfn=(16134)
calls=40 124 
* 360
* 280
+1 160
+1 80
-2 80
+6 80
-7 160
+1 160
cfi=(1909)
cfn=(16134)
calls=40 124 
* 360
* 280
+1 160
+1 80
-2 80
+6 80
-7 160
+1 160
cfi=(1909)
cfn=(16134)
calls=40 124 
* 360
* 280
+1 160
+1 80
-2 80
+6 80
-7 4400
+1 4400
cfi=(1909)
cfn=(16134)
calls=1100 124 
* 9900
* 7700
+1 4400
+1 2200
-2 2200
+6 2200
-7 320
+1 320
cfi=(1909)
cfn=(16134)
calls=80 124 
* 720
* 560
+1 320
+1 160
-2 160
+6 160
-7 160
+1 160
cfi=(1909)
cfn=(16134)
calls=40 124 
* 360
* 280
+1 160
+1 80
-2 80
+6 80
-7 160
+1 160
cfi=(1909)
cfn=(16134)
calls=40 124 
* 360
* 280
+1 160
+1 80
-2 80
+6 80
-7 100
+1 100
cfi=(1909)
cfn=(16134)
calls=25 124 
* 225
* 175
+1 100
+1 50
-2 50
+6 50
-7 160
+1 160
cfi=(1909)
cfn=(16134)
calls=40 124 
* 360
* 280
+1 160
+1 80
-2 80
+6 80
-7 160
+1 160
cfi=(1909)
cfn=(16134)
calls=40 124 
* 360
* 280
+1 160
+1 80
-2 80
+6 80
-7 160
+1 160
cfi=(1909)
cfn=(16134)
calls=40 124 
* 360
* 280
+1 160
+1 80
-2 80
+6 80

fn=(16668)
4292 1530
+2 510
+1 1020
+1 1530
+1 1530
-5 1530
+2 510
+1 1020
+1 1530
+1 1530
-5 270
+2 90
+1 180
+1 270
+1 270
-5 180
+2 60
+1 120
+1 180
+1 180
-5 135
+2 45
+1 90
+1 135
+1 135

fn=(16866) nir_deref_count_slots
6675 900
+1 900
+10 900
cfi=(1915)
cfn=(16862) glsl_count_attribute_slots
calls=180 1300 
* 14760
+1 360

fn=(16244)
2948 11284

fn=(16350)
3672 120
+1 80
+1 80
-2 6450
+1 4300
+1 4300
-2 240
+1 160
+1 160
-2 120
+1 80
+1 80
-2 120
+1 80
+1 80
-2 120
+1 80
+1 80
-2 120
+1 80
+1 80
-2 120
+1 80
+1 80
-2 150
+1 100
+1 100
-2 120
+1 80
+1 80
-2 270
+1 180
+1 180
-2 120
+1 80
+1 80
-2 120
+1 80
+1 80
-2 120
+1 80
+1 80
-2 270
+1 180
+1 180
-2 120
+1 80
+1 80
-2 1335
+1 890
+1 890
-2 1890
+1 1260
+1 1260
-2 120
+1 80
+1 80
-2 75
+1 50
+1 50
-2 120
+1 80
+1 80
-2 120
+1 80
+1 80
-2 120
+1 80
+1 80

fn=(16378)
1057 1560
+1 1560
+1 1040
-2 25704
+1 25704
+1 17136
-2 2880
+1 2880
+1 1920

fn=(16452) nir_block_ends_in_jump
3261 680
+1 680
cfi=(1909)
cfn=(15990)
calls=170 171 
* 1870
* 510
+1 510
cfn=(16454) nir_block_last_instr
calls=170 -9 
* 6460
* 170
-1 680
+2 340

fn=(16580)
991 80
+1 60
cfi=(1909)
cfn=(16582)
calls=20 82 
* 140
* 20
+1 60
cfi=(1909)
cfn=(16534)
calls=20 130 
* 180
* 40
+1 20
+2 10
+1 40
-6 1700
+1 1275
cfi=(1909)
cfn=(16582)
calls=425 82 
* 2975
* 425
+1 1275
cfi=(1909)
cfn=(16534)
calls=425 130 
* 3825
* 850
+1 132
+2 359
+1 850

fn=(16618) _nir_shader_variable_has_mode
890 1950
+2 1560
+1 2340
+1 780
-4 5200
+2 4160
+1 6240
+1 2080
-4 650
+2 520
+1 780
+1 260
-4 650
+2 520
+1 780
+1 260
-4 650
+2 520
+1 780
+1 260

fn=(16770) nir_is_denorm_flush_to_zero
1327 1800
+2 900
-1 1980
+1 1260
+1 360
-1 900
+2 900

fn=(16824) nir_shader_get_entrypoint
4041 160
+1 40
+2 160
cfi=(1909)
cfn=(16134)
calls=40 124 
* 360
* 280
+1 80
+1 160
+1 80
+2 40
-5 80
+10 80
+3 160
+1 160
+1 80
+1 80
-19 160
+1 40
+2 160
cfi=(1909)
cfn=(16134)
calls=40 124 
* 360
* 280
+1 80
+1 160
+1 80
+2 40
-5 80
+10 80
+3 160
+1 160
+1 80
+1 80

fn=(17000)
2998 70
cfn=(16270)
calls=10 2856 
* 180
* 20
cfn=(16244)
calls=10 -50 
* 130
* 160
cfn=(16270)
calls=20 2856 
* 360
* 40
cfn=(16244)
calls=20 -50 
* 260
* 40

fn=(16232)
2936 184561

fn=(16238) nir_const_value_for_raw_uint
266 360
+2 225
cob=(2)
cfi=(291)
cfn=(1092)
calls=45 -70 
* 585
* 45
+3 270
+4 135
+7 45
+1 225

fn=(16268)
2994 805
cfn=(16270)
calls=115 2856 
* 2070
* 575

fn=(16398) nir_src_num_components
1170 760
+1 1140
+1 760
-2 5108
+1 7662
+1 5108

fn=(16454)
3254 160
+1 160
cfi=(1909)
cfn=(15988)
calls=40 212 
* 1040
* 40
+1 40
+1 80
-3 680
+1 680
cfi=(1909)
cfn=(15988)
calls=170 212 
* 4420
* 170
+1 170
+1 340

fn=(16512)
4005 360
+1 450
cfi=(1909)
cfn=(16134)
calls=90 124 
* 810
* 630
+7 90
+1 180
-9 720
+1 900
cfi=(1909)
cfn=(16134)
calls=180 124 
* 1620
* 1260
+7 180
+1 360
-9 320
+1 400
cfi=(1909)
cfn=(16134)
calls=80 124 
* 720
* 560
+7 80
+1 160
-9 160
+1 200
cfi=(1909)
cfn=(16134)
calls=40 124 
* 360
* 280
+7 40
+1 80
-9 160
+1 200
cfi=(1909)
cfn=(16134)
calls=40 124 
* 360
* 280
+7 40
+1 80
-9 160
+1 200
cfi=(1909)
cfn=(16134)
calls=40 124 
* 360
* 280
+7 40
+1 80
-9 160
+1 200
cfi=(1909)
cfn=(16134)
calls=40 124 
* 360
* 280
+7 40
+1 80
-9 320
+1 400
cfi=(1909)
cfn=(16134)
calls=80 124 
* 720
* 560
+7 80
+1 160
-9 200
+1 250
cfi=(1909)
cfn=(16134)
calls=50 124 
* 450
* 350
+7 50
+1 100
-9 160
+1 200
cfi=(1909)
cfn=(16134)
calls=40 124 
* 360
* 280
+7 40
+1 80
-9 160
+1 200
cfi=(1909)
cfn=(16134)
calls=40 124 
* 360
* 280
+7 40
+1 80
-9 360
+1 450
cfi=(1909)
cfn=(16134)
calls=90 124 
* 810
* 630
+7 90
+1 180
-9 160
+1 200
cfi=(1909)
cfn=(16134)
calls=40 124 
* 360
* 280
+7 40
+1 80
-9 160
+1 200
cfi=(1909)
cfn=(16134)
calls=40 124 
* 360
* 280
+7 40
+1 80
-9 160
+1 200
cfi=(1909)
cfn=(16134)
calls=40 124 
* 360
* 280
+7 40
+1 80
-9 4400
+1 5500
cfi=(1909)
cfn=(16134)
calls=1100 124 
* 9900
* 7700
+7 1100
+1 2200
-9 320
+1 400
cfi=(1909)
cfn=(16134)
calls=80 124 
* 720
* 560
+7 80
+1 160
-9 160
+1 200
cfi=(1909)
cfn=(16134)
calls=40 124 
* 360
* 280
+7 40
+1 80
-9 160
+1 200
cfi=(1909)
cfn=(16134)
calls=40 124 
* 360
* 280
+7 40
+1 80
-9 160
+1 200
cfi=(1909)
cfn=(16134)
calls=40 124 
* 360
* 280
+7 40
+1 80
-9 160
+1 200
cfi=(1909)
cfn=(16134)
calls=40 124 
* 360
* 280
+7 40
+1 80
-9 160
+1 200
cfi=(1909)
cfn=(16134)
calls=40 124 
* 360
* 280
+7 40
+1 80

fn=(16792) nir_cf_node_prev
3694 360
+1 270
cfi=(1909)
cfn=(16582)
calls=90 82 
* 630
* 90
+1 270
cfi=(1909)
cfn=(16534)
calls=90 130 
* 810
* 180
+1 180
+3 180

fn=(16800)
1601 3186
+1 8496
+1 2124

fn=(16860) nir_variable_count_slots
6669 510
+1 765
cfi=(1915)
cfn=(16862)
calls=85 1300 
* 6970
+1 255
-2 1080
+1 1620
cfi=(1915)
cfn=(16862)
calls=180 1300 
* 14760
+1 540
-2 240
+1 360
cfi=(1915)
cfn=(16862)
calls=40 1300 
* 3280
+1 120

fn=(17038)
1607 252
+1 672
+1 168

fn=(17050) nir_const_value_as_uint
336 100
+2 120
+4 60
+6 40

fn=(17124)
2993 360
cfn=(17118)
calls=72 * 
* 2160
* 144

fn=(16250)
2944 14989

fn=(16274)
2994 2240
cfn=(16270)
calls=320 2856 
* 5760
* 640
cfn=(16116)
calls=320 -48 
* 4160
* 1445
cfn=(16270)
calls=115 2856 
* 2070
* 230
cfn=(16116)
calls=115 -48 
* 1495
* 230

fn=(16388)
2997 630
cfn=(16270)
calls=90 2856 
* 1620
* 180
cfn=(16154)
calls=90 -59 
* 1170
* 2070
cfn=(16270)
calls=270 2856 
* 4860
* 540
cfn=(16154)
calls=270 -59 
* 3510
* 855
cfn=(16270)
calls=45 2856 
* 810
* 90
cfn=(16154)
calls=45 -59 
* 585
* 475
cfn=(16270)
calls=55 2856 
* 990
* 110
cfn=(16154)
calls=55 -59 
* 715
* 4030
cfn=(16270)
calls=560 2856 
* 10080
* 1120
cfn=(16154)
calls=560 -59 
* 7280
* 1435
cfn=(16270)
calls=45 2856 
* 810
* 90
cfn=(16154)
calls=45 -59 
* 585
* 720
cfn=(16270)
calls=90 2856 
* 1620
* 180
cfn=(16154)
calls=90 -59 
* 1170
* 180

fn=(16492) nir_def_block
2887 40
+1 30
cfn=(16272)
calls=10 -50 
* 90
* 10
+1 20
-2 16016
+1 12012
cfn=(16272)
calls=4004 -50 
* 36036
* 4004
+1 8008

fn=(16652)
1755 225
+1 135
cfi=(1324)
cfn=(16654) util_bitcount
calls=45 338 
* 1395
* 270
+1 180
+5 225
cfn=(16440)
calls=45 -40 
* 810
* 90
+5 180
+1 90
-13 275
+1 165
cfi=(1324)
cfn=(16654)
calls=55 338 
* 1705
* 330
+1 220
+5 275
cfn=(16440)
calls=55 -40 
* 990
* 110
+5 220
+1 110

fn=(16682)
2660 720
+1 360
+1 3960
-1 2520
+4 180
+1 360
-6 1380
+1 690
+1 7590
+1 200
-2 4330
+4 245
+1 690
-6 660
+1 330
+1 3630
-1 2310
+4 165
+1 330
-6 360
+1 180
+1 990
+1 180
-2 360
+5 180

fn=(16760)
2998 315
cfn=(16270)
calls=45 2856 
* 810
* 4229
cfn=(16270)
calls=572 2856 
* 10296
* 3364
cfn=(16270)
calls=72 2856 
* 1296
* 780
cfn=(16270)
calls=60 2856 
* 1080
* 300

fn=(16846) nir_deref_mode_is_one_of
1779 1800
+4 1800
cfn=(16440)
calls=360 -61 
* 6480
* 720
+1 720
cfi=(1324)
cfn=(16654)
calls=180 338 
* 5580
* 360
+1 900
cfn=(16848) nir_deref_mode_must_be
calls=180 -47 
* 3600
* 360
+3 1800
cfn=(16440)
calls=360 -66 
* 6480
+1 720

fn=(16848)
1738 900
+1 360
+1 720
+1 1260
+1 360

fn=(17118)
2993 1008
cfn=(16270)
calls=144 2856 
* 2592
* 720

fn=(16096) nir_before_impl
4424 720
+1 720
cfn=(16098)
calls=180 -17 
* 15840
* 540
+1 540
-2 420
+1 420
cfn=(16098)
calls=105 -17 
* 9240
* 315
+1 315
-2 140
+1 140
cfn=(16098)
calls=35 -17 
* 3080
* 105
+1 105

fn=(16116)
2946 102050

fn=(16130) nir_instr_next
981 29652
+1 22239
cfi=(1909)
cfn=(16132)
calls=7413 70 
* 51891
* 7413
+1 22239
cfi=(1909)
cfn=(16134)
calls=7413 124 
* 66717
* 14826
+1 490
+2 7168
+1 14826

fn=(16174) nir_src_for_ssa
1154 2920
+1 1095
cfn=(16176)
calls=365 -50 
* 6570
+2 730
+2 3285
+1 2190
-6 1920
+1 720
cfn=(16176)
calls=240 -50 
* 4320
+2 480
+2 2160
+1 1440
-6 8240
+1 3090
cfn=(16176)
calls=1030 -50 
* 18540
+2 2060
+2 9270
+1 6180

fn=(16246) nir_tex_instr_dest_size
2623 760
+2 570
cfi=(1904)
cfn=(16248) nir_tex_instr_result_size
calls=190 3383 
* 9500
* 760
+1 380
-3 180
+2 135
cfi=(1904)
cfn=(16248)
calls=45 3383 
* 2250
* 180
+1 90

fn=(16550)
6779 200
+2 80
+2 80
+1 120
cfn=(16350)
calls=40 3672 
* 280
* 80
cfn=(16552) nir_block_first_instr
calls=40 3247 
* 1520
* 80
+4 120
+1 160
+3 120
cfn=(16116)
calls=40 2946 
* 520
* 40
+1 160
+1 80
-6 80
+10 80

fn=(16552)
3247 720
+1 720
cfi=(1909)
cfn=(16100)
calls=180 200 
* 4680
* 180
+1 180
+1 360
-3 160
+1 160
cfi=(1909)
cfn=(16100)
calls=40 200 
* 1040
* 40
+1 40
+1 80

fn=(16712)
2703 225
+1 225
cfn=(16682)
calls=45 -44 
* 2025
* 45
+1 90
+1 90
+5 90

fn=(16858)
1823 900
+1 900
+1 450
+3 450
-5 720
+1 720
+1 360
+3 360

fn=(17048)
3023 300
cfn=(16758)
calls=20 -25 
* 740
* 120
cfn=(17000)
calls=20 -25 
* 840
* 320
cfn=(17050)
calls=20 336 
* 320
* 40

fn=(17120)
2993 672
cfn=(16270)
calls=96 2856 
* 1728
* 192
cfn=(16232)
calls=96 -57 
* 1248
* 192

fl=(1900) /home/dudkin.i/mesa/mesa/build/../src/gallium/include/pipe/p_state.h
fn=(15896) pipe_shader_state_from_tgsi
322 200
+1 80
+1 120
+1 240
cob=(2)
cfi=(291)
cfn=(1092)
calls=40 198 
* 2000
* 40
+1 120

fl=(1905) /home/dudkin.i/mesa/mesa/build/../src/gallium/auxiliary/tgsi/tgsi_scan.c
fn=(15938) is_mem_query_inst
59 540
+3 360
-2 360
+1 360
+1 720
+2 360

fn=(15932) scan_src_operand
85 3870
+1 2580
+2 1720
+14 2150
+1 450
+5 180
+1 180
+1 990
+3 360
+3 450
+3 540
+2 450
+2 180
+6 1720
+23 2150
+3 2150
+4 2150
+1 540
+2 450
+1 180
+2 630
cfn=(15936) is_texture_inst
calls=90 -93 
* 6210
* 180
+1 360
+1 180
+5 450
+7 540
+5 2580
cfn=(15934) is_memory_file
calls=430 48 
* 6680
* 860
+1 630
cfn=(15938)
calls=90 59 
* 1350
* 90
-1 180
+2 180
+2 450
+9 630
cfi=(1893)
cfn=(15752)
calls=90 55 
* 2880
* 360
+10 450
+8 1290

fn=(15934)
48 2250
+4 1500
-3 1320
+1 1320
+1 1320
+1 2820
+2 1320
-2 90
+2 180

fn=(15916) scan_declaration
349 2150
+1 2150
+1 1290
+3 2150
+21 2150
+1 1880
+1 1410
+1 2350
-1 940
+9 7520
+1 4230
+1 5170
+2 10980
+27 400
+1 400
+1 560
+1 640
+3 800
+2 320
+42 450
+1 450
+1 990
+1 900
+2 630
+1 990
+1 990
+2 630
+1 1260
+1 1080
+2 630
+1 1260
+1 1080
+2 630
+1 1170
+1 990
+3 2280
+29 50
-15 40
+1 20
+8 40
+1 40
+3 40
+2 40
+4 900
+1 90
+3 360
+1 450
+2 180
+1 450
+2 450
+1 450
+6 90
+6 240
433 160
+85 180
+21 90
375 4970
548 1720

fn=(15914) tgsi_scan_shader
592 640
+3 80
+2 400
cob=(2)
cfi=(291)
cfn=(1092)
calls=80 198 
* 221360
* 80
+1 160
+1 4800
-1 3760
+2 160
+1 10240
-1 7840
+2 160
+1 30720
-1 30880
+6 400
cfi=(1897)
cfn=(15814)
calls=80 37 
* 2240
* 160
+4 320
+1 160
+6 240
+2 160
+7 2550
cfi=(1897)
cfn=(15820)
calls=850 100 
* 276290
+2 9490
+2 2800
cfn=(15918) scan_instruction
calls=400 222 
* 274302
+2 400
+2 2580
cfn=(15916)
calls=430 349 
* 74950
+1 430
+2 60
cfn=(16996) scan_immediate
calls=20 -86 
* 960
+1 20
-13 2790
cfi=(1897)
cfn=(15818)
calls=930 61 
* 15810
* 2790
+22 320
+1 160
-1 240
+1 80
-1 160
+6 160
+13 240
cfi=(1897)
cfn=(15888)
calls=80 55 
* 480
+1 400

fn=(15918)
222 3600
+2 400
+2 2400
+1 5600
+2 6560
+14 400
+3 800
+1 2150
cfi=(1906) /home/dudkin.i/mesa/mesa/build/../src/gallium/auxiliary/tgsi/tgsi_util.c
cfn=(15920) tgsi_util_get_inst_usage_mask
calls=430 +95 
* 152922
* 7310
cfn=(15932)
calls=430 85 
* 50600
+4 4300
+11 4300
-16 6240
+29 2000
+1 720
+16 800
+1 2240
+2 1600
+12 1600
+12 1920
cfn=(15934)
calls=320 48 
* 5440
* 640
-27 5360
+50 2000
+1 2400

fn=(15936)
72 360
+1 270
cfn=(15938)
calls=90 -14 
* 1350
* 270
+1 270
cfi=(1893)
cfn=(15752)
calls=90 -19 
* 2880
-1 630
+2 180

fn=(16996)
553 60
+1 120
+1 20
+2 300
+1 180
+1 220
+1 60

fl=(1934) /home/dudkin.i/mesa/mesa/build/../src/compiler/nir/nir_lower_global_vars_to_local.c
fn=(16614) mark_global_var_uses_block
52 240
+1 160
cfi=(1909)
cfn=(16134)
calls=40 +71 
* 360
* 280
+1 3480
+1 405
cfi=(1912)
cfn=(16154)
calls=135 2938 
* 1755
* 135
+1 540
+1 945
cfn=(16616) register_var_use
calls=135 -23 
* 1890
-4 3480
cfi=(1909)
cfn=(16134)
calls=870 +71 
* 7830
* 7790
+8 40
+1 80

fn=(16612) nir_lower_global_vars_to_local
66 280
+1 40
+6 80
cfi=(1356)
cfn=(16312) _mesa_pointer_hash_table_create
calls=40 811 
* 11600
* 40
+2 120
cfi=(1912)
cfn=(16510)
calls=40 3994 
* 1360
* 240
+1 120
cfi=(1912)
cfn=(16350)
calls=40 3672 
* 280
* 80
+1 240
cfn=(16614)
calls=40 -25 
* 29410
-1 120
cfi=(1904)
cfn=(16526)
calls=40 1933 
* 3840
* 200
-1 120
cfi=(1912)
cfn=(16512)
calls=40 4005 
* 1120
* 480
+5 160
cfi=(1909)
cfn=(16134)
calls=40 +44 
* 360
* 520
cfi=(1909)
cfn=(16134)
calls=40 +44 
* 360
* 800
cfi=(1912)
cfn=(16618)
calls=130 890 
* 2210
* 1500
cfi=(1909)
cfn=(16134)
calls=90 +44 
* 810
* 930
+16 160
cfi=(1356)
cfn=(16620) _mesa_hash_table_destroy
calls=40 306 
* 5560
+2 80
+3 120
cfi=(1912)
cfn=(16510)
calls=40 3994 
* 1360
* 240
+1 120
cfi=(1912)
cfn=(16538)
calls=40 4194 
* 1920
-1 120
cfi=(1912)
cfn=(16512)
calls=40 4005 
* 1120
* 480
+4 40
+1 200

fn=(16616)
34 810
+1 675
+1 135
+11 270

fl=(1916) /home/dudkin.i/mesa/mesa/build/../src/gallium/auxiliary/tgsi/tgsi_info.h
fn=(16070) tgsi_varying_semantic_to_slot
109 200
fi=(1903) /home/dudkin.i/mesa/mesa/build/../src/gallium/auxiliary/nir/tgsi_to_nir.c
+1 1840
+18 80
+1 120
+31 80
fe=(1916)

fn=(16188) tgsi_type_is_64bit
104 990
+1 1980
+3 330
+1 660

fl=(1921)
fn=(16294)
279 2080
+1 1040
+1 1040
-2 2384
+1 1192
+1 1192
-2 17840
+1 8920
+1 8920

fn=(16202)
285 9520
+1 4760
+1 4760
-2 288
+1 144
+1 144
-2 17384
+1 8692
+1 8692
-2 180
+1 90
+1 90

fn=(16220) nir_num_components_valid
270 16671
+3 11114
-2 11114
+2 16671
+2 11114

fl=(1932)
fn=(16570)
120 1050
+2 210
+2 420
cfi=(1323)
cfn=(11434) rzalloc_size
calls=105 +27 
* 24780
* 105
+1 315
+1 315
+1 315
+1 420
cfi=(1909)
cfn=(15946)
calls=105 +34 
* 1785
+1 630
cfi=(1909)
cfn=(15950)
calls=105 241 
* 2310
+2 945
cfi=(1356)
cfn=(9732) _mesa_hash_table_init
calls=105 +38 
* 13755
+3 525
+2 1365
+1 1050
+1 1575
+1 840
-3 735
cfi=(1933)
cfn=(16572)
calls=105 391 
* 2625
* 735
cfi=(1933)
cfn=(16572)
calls=105 391 
* 4200
* 1575
+6 105
+1 1050
+1 525
cfi=(1911) /home/dudkin.i/mesa/mesa/build/../src/util/set.c
cfn=(16338) _mesa_set_next_entry
calls=105 660 
* 52290
* 420
-2 630
+30 105
+1 525

fn=(16606)
273 200
+1 160
cfi=(1909)
cfn=(16134)
calls=40 124 
* 360
* 280
+10 420
cfi=(1909)
cfn=(15990)
calls=105 171 
* 1155
* 315
-10 420
cfi=(1909)
cfn=(16134)
calls=105 124 
* 945
* 905
+31 120
cfi=(1323)
cfn=(11546)
calls=40 -49 
* 22010
+1 160

fn=(16576)
178 1170
+1 390
+1 1365
+1 1365
+2 2340
cfi=(1356)
cfn=(9772)
calls=195 580 
* 60645
+1 585

fn=(16598)
189 1320
+4 440
+1 220
+2 220
+1 2420
cfi=(1356)
cfn=(9736)
calls=220 403 
* 56400
* 220
+1 440
+3 105
-5 545
+3 185
+6 1540
+3 440
+6 350
cfi=(1904)
cfn=(17070) nir_undef_instr_create
calls=35 1062 
* 22133
* 35
+3 210
cfi=(1912)
cfn=(16096)
calls=35 4424 
* 3570
* 280
cfi=(1904)
cfn=(16110) nir_instr_insert
calls=35 1249 
* 9625
+2 140
+1 740
+31 555
+10 660
+1 2420
cfi=(1356)
cfn=(9736)
calls=220 403 
* 56400
* 440
+3 210
cfn=(16576)
calls=35 -87 
* 12180
-4 650
+2 185
+5 185
+1 555
-1 35
+1 105

fn=(16562)
93 160
+1 120
cfi=(1323)
cfn=(11434)
calls=40 +57 
* 6760
* 40
+2 200
+1 120
+2 200
+3 160
+1 240
cfi=(1323)
cfn=(9770)
calls=40 219 
* 13682
* 120
+1 120
cfi=(1904)
cfn=(16470)
calls=40 1927 
* 640
* 80
+1 360
-1 120
cfi=(1904)
cfn=(16472)
calls=40 1906 
* 2160
* 200
+4 160
cfi=(1909)
cfn=(15946)
calls=40 +54 
* 680
+2 80
+1 240
cfi=(1323)
cfn=(16042)
calls=40 228 
* 16011
* 120
+1 240
cfi=(1323)
cfn=(9770)
calls=40 219 
* 15038
* 120
+2 40
+1 80

fl=(1627) /home/dudkin.i/mesa/mesa/build/../src/gallium/drivers/llvmpipe/lp_texture_handle.c
fn=(16930) llvmpipe_register_shader
1456 200
+1 160
+1 320
cfi=(1917)
cfn=(16662)
calls=40 130 
* 88200
+1 120

fn=(16944) register_sample_key
1371 405
+1 135
+1 630
+1 45
+37 270

fn=(16932) register_instr
1435 5160
+1 1720
+2 3440
+1 135
cfi=(1912)
cfn=(16250)
calls=45 2944 
* 585
* 45
+1 360
cfi=(1961) /home/dudkin.i/mesa/mesa/build/../src/gallium/auxiliary/gallivm/lp_bld_nir_soa.c
cfn=(16938) lp_build_nir_sample_key
calls=45 5322 
* 9655
* 45
+2 225
cfn=(16944)
calls=45 -71 
* 1485
* 45
+1 3260
+1 270
cfi=(1912)
cfn=(16116)
calls=90 2946 
* 1170
* 90
+2 270
cfi=(1961)
cfn=(16934) lp_packed_img_op_from_intrinsic
calls=90 4422 
* 6030
* 90
+1 180
+4 860
+1 1720

fl=(1888)
fn=(15690)
255 375
+7 175
+2 50
cfi=(1889)
cfn=(15692) ureg_create
calls=25 2227 
* 3616152
* 25
+1 50
+3 100
cfi=(1889)
cfn=(15698) ureg_DECL_sampler
calls=25 726 
* 3125
* 50
+2 325
cfi=(1889)
cfn=(15704) ureg_DECL_sampler_view
calls=25 754 
* 4425
* 25
+2 150
cfi=(1891)
cfn=(15706)
calls=25 -72 
* 5750
* 50
+4 125
cfi=(1889)
cfn=(15712) ureg_DECL_output
calls=25 500 
* 6175
* 50
+4 75
cfi=(1889)
cfn=(15720) ureg_DECL_temporary
calls=25 668 
* 191825
* 50
+2 50
+5 200
cfi=(1891)
cfn=(15740)
calls=25 909 
* 800
* 350
cfn=(15742) ureg_load_tex
calls=25 -80 
* 174270
* 25
+3 75
+1 20
+1 10
+2 20
cfi=(1891)
cfn=(17052)
calls=5 498 
* 2205
* 35
cfi=(1891)
cfn=(15770)
calls=5 1105 
* 635
* 50
cfi=(1892)
cfn=(17056)
calls=5 149 
* 7406
* 10
+2 10
+1 10
+2 20
cfi=(1891)
cfn=(16980)
calls=5 456 
* 2205
* 35
cfi=(1891)
cfn=(15770)
calls=5 1105 
* 635
* 50
cfi=(1892)
cfn=(16990)
calls=5 161 
* 7539
* 5
+4 25
cfi=(1891)
cfn=(15770)
calls=5 1105 
* 635
* 100
cfi=(1891)
cfn=(15770)
calls=20 1105 
* 2540
* 200
cfi=(1892)
cfn=(15772)
calls=25 40 
* 21660
+2 75
cfi=(1892)
cfn=(15774)
calls=25 138 
* 12540
+2 125
cfi=(1891)
cfn=(15776)
calls=25 158 
* 11215623
+1 150

fn=(17060)
318 210
+5 30
cfi=(1889)
cfn=(15692)
calls=15 2227 
* 2201860
* 15
+1 30
+3 90
cfi=(1891)
cfn=(15706)
calls=15 200 
* 3450
* 30
+2 45
cfi=(1889)
cfn=(15720)
calls=15 668 
* 115095
* 30
+2 60
+1 40
cfi=(1889)
cfn=(15698)
calls=10 726 
* 1250
* 20
+1 100
cfi=(1889)
cfn=(15704)
calls=10 754 
* 1770
* 10
+6 80
cfi=(1891)
cfn=(15740)
calls=10 909 
* 320
* 140
cfn=(15742)
calls=10 207 
* 60810
* 10
+3 50
cfi=(1889)
cfn=(15712)
calls=10 500 
* 2470
* 20
+1 50
cfi=(1891)
cfn=(15770)
calls=10 1105 
* 1270
* 60
cfi=(1891)
cfn=(17062)
calls=10 902 
* 1290
* 80
cfi=(1891)
cfn=(15740)
calls=10 909 
* 320
* 70
cfi=(1892)
cfn=(15772)
calls=10 40 
* 8912
+4 60
+1 80
cfi=(1889)
cfn=(15698)
calls=10 726 
* 1330
* 20
+1 130
cfi=(1889)
cfn=(15704)
calls=10 754 
* 1850
* 10
+6 80
cfi=(1891)
cfn=(15740)
calls=10 909 
* 320
* 140
cfn=(15742)
calls=10 207 
* 58402
* 10
+3 50
cfi=(1889)
cfn=(15712)
calls=10 500 
* 2535
* 20
+1 50
cfi=(1891)
cfn=(15770)
calls=10 1105 
* 1270
* 60
cfi=(1891)
cfn=(17062)
calls=10 902 
* 1290
* 80
cfi=(1891)
cfn=(15740)
calls=10 909 
* 320
* 70
cfi=(1892)
cfn=(15772)
calls=10 40 
* 9286
+4 45
cfi=(1892)
cfn=(15774)
calls=15 138 
* 9838
+2 75
cfi=(1891)
cfn=(15776)
calls=15 158 
* 9704212
+1 90

fn=(15742)
207 1125
+1 90
+1 60
cfi=(1889)
cfn=(15720)
calls=20 668 
* 152320
* 40
+10 40
-1 40
+1 40
-1 40
+5 160
cfi=(1892)
cfn=(15772)
calls=20 40 
* 19092
+1 100
cfi=(1891)
cfn=(15770)
calls=20 1105 
* 2540
* 160
cfi=(1891)
cfn=(15740)
calls=20 909 
* 640
* 140
cfi=(1892)
cfn=(17096)
calls=20 119 
* 21360
+1 100
cfi=(1891)
cfn=(15770)
calls=20 1105 
* 2540
* 160
cfi=(1892)
cfn=(17098)
calls=20 -86 
* 26441
+2 40
+1 100
cfi=(1891)
cfn=(15770)
calls=20 1105 
* 2540
* 200
cfi=(1892)
cfn=(17100)
calls=20 65 
* 21240
* 20
+9 20
-5 50
+1 300
cfi=(1892)
cfn=(15744)
calls=25 60 
* 41424
* 25
+4 295

fl=(1910) /home/dudkin.i/mesa/mesa/build/../src/util/range_minimum_query.h
fn=(15960) range_minimum_query_table_init
35 160
+1 200
cob=(2)
cfi=(291)
cfn=(1092)
calls=40 198 
* 440
* 40
+1 120

fl=(1902) /home/dudkin.i/mesa/mesa/build/../src/gallium/auxiliary/util/u_inlines.h
fn=(15902) pipe_reference_init
58 160
+1 120
+1 120

fl=(1911)
fn=(15982) entry_is_deleted
124 1404
+1 2808
+1 936

fn=(16330) _mesa_set_clear
299 1900
+1 760
+5 760
+10 1140
cfn=(16332) set_clear_fast
calls=380 -29 
* 24700
* 380
+1 760

fn=(16338)
660 12275
+1 4910
+1 5380
+2 1110
+2 1110
+1 76665
cfn=(15978) entry_is_present
calls=25555 130 
* 262210
* 51110
+1 2220
-2 266545
+6 1345
+1 4910

fn=(15976) key_pointer_is_reserved
112 3150
+1 7350
+1 2100

fn=(16334) _mesa_set_resize
441 850
+2 680
+3 170
+1 1360
+3 850
cfn=(16336) set_rehash
calls=170 -58 
* 155040
+1 510

fn=(16444) _mesa_set_search
354 2950
+1 2360
+1 2950
cfi=(1356)
cfn=(15970) _mesa_hash_pointer
calls=590 759 
* 11210
* 3540
cfn=(16446) set_search
calls=590 -31 
* 121992
+1 1180

fn=(15964) _mesa_pointer_set_init
158 2900
+1 4640
cfn=(15966) _mesa_set_init
calls=580 -20 
* 70180
+1 1740

fn=(15968) _mesa_set_add
549 2300
+1 1840
+1 2300
cfi=(1356)
cfn=(15970)
calls=460 759 
* 8740
* 2760
cfn=(15972) set_add
calls=460 -23 
* 120040
+1 920

fn=(16310) _mesa_set_create
168 1020
+3 680
cfi=(1323)
cfn=(9426) ralloc_size
calls=170 -61 
* 26690
* 170
+1 340
+3 1020
cfn=(15966)
calls=170 -36 
* 20570
+1 170
+1 340

fn=(15966)
139 5250
+1 2250
+1 1500
+1 6750
+1 6750
+1 6750
+1 6750
+1 6750
+1 2250
+1 2250
+1 3000
+1 3000
+1 4500
cob=(2)
cfi=(291)
cfn=(1092)
calls=750 +47 
* 27000
* 750
+1 1500
+1 1500
+1 2250

fn=(15974) set_search_or_add
462 3220
+1 460
+2 1380
cfn=(15976)
calls=460 112 
* 5520
* 1380
+2 2760
+2 4140
+4 1380
+1 3220
cfi=(1358)
cfn=(9762)
calls=460 68 
* 22080
* 460
+1 3680
cfi=(1358)
cfn=(9762)
calls=460 68 
* 22080
* 920
+2 920
+2 2760
+2 1380
cfn=(15978)
calls=460 130 
* 4648
-2 48
+2 24
cfn=(15978)
calls=8 130 
* 80
* 936
+2 920
+1 920
+1 1380
cfn=(15980) entry_is_free
calls=460 118 
* 4600
* 920
+4 24
cfn=(15982)
calls=8 124 
* 88
* 16
+1 16
-1 16
+8 16
+1 24
+2 24
-14 460
+16 920
+2 1380
cfn=(15982)
calls=460 124 
* 5060
* 920
+2 1380
+1 1380
+1 2300
+1 920
+2 920
+7 920

fn=(16308) _mesa_pointer_set_create
681 680
+1 1360
cfn=(16310)
calls=170 168 
* 51000
+2 340

fn=(15972)
528 2760
+1 2760
cfn=(15974)
calls=460 -67 
* 109000
* 460
+2 2300
+12 1380
+1 460
+1 920

fn=(15980)
118 3174
+1 5290
+1 2116

fn=(16332)
286 1520
+1 5700
cob=(2)
cfi=(291)
cfn=(1092)
calls=380 -89 
* 13680
* 380
+1 2280
+1 1140

fn=(16336)
392 1360
+4 1700
+6 340
+3 1700
cfi=(1323)
cfn=(16042)
calls=170 228 
* 40970
* 170
+2 340
+3 1020
+2 9180
+1 680
+6 510
+1 510
+1 1530
+1 1530
+1 1530
+1 1530
+1 1530
+1 340
+1 340
+2 680
cfn=(16338)
calls=170 660 
* 84660
* 680
+4 510
+2 850
+2 850

fn=(16446)
325 3540
+1 1770
cfn=(15976)
calls=590 112 
* 7080
* 1770
+2 1770
+1 4130
cfi=(1358)
cfn=(9762)
calls=590 68 
* 28320
* 590
+2 1180
-1 3540
cfi=(1358)
cfn=(9762)
calls=590 68 
* 28320
* 1180
+2 1180
+2 3540
+2 1770
cfn=(15980)
calls=590 118 
* 5900
-2 48
+2 24
cfn=(15980)
calls=8 118 
* 80
* 1196
+1 160
+1 1554
cfn=(15978)
calls=518 130 
* 8288
* 3108
+1 4080
cfi=(1356)
cfn=(16376) _mesa_key_pointer_equal
calls=510 801 
* 4590
* 1020
+1 1020
+4 16
+1 24
+2 24
+3 1180

fn=(15978)
130 79623
+1 142521
+1 53082

fn=(16498) _mesa_set_fini
256 2100
+1 840
+5 2520
+2 840
+1 1260

fl=(1955) /home/dudkin.i/mesa/mesa/build/../src/compiler/nir/nir_gather_info.c
fn=(16868) set_io_mask
107 2340
+1 360
+2 720
+3 1260
+1 540
+3 540
-3 360
+7 360
+8 360
+3 1080
+5 1440
cfn=(16870) get_deref_info
calls=180 -75 
* 33840
+2 900
+1 180
+5 540
+1 270
+4 360
+7 360
+1 1710
+3 450
+1 180
+14 180
+4 450
+1 540
+1 270
+3 270
+5 270
+3 450
+8 360
+1 180
-1 180
+1 360
-94 1440
+98 900

fn=(16876) nir_intrinsic_writes_external_memory
329 720
+1 5580
+53 1080
cfi=(1912)
cfn=(16382)
calls=90 2997 
* 9090
* 360
cfi=(1912)
cfn=(16440)
calls=90 1722 
* 1620
* 90
+4 90
+2 360

fn=(16878) gather_alu_info
947 5000
+1 7000
+2 2000
+1 8280
cfi=(1921)
cfn=(16202)
calls=1380 285 
* 11040
* 2760
+1 1520
cfi=(1912)
cfn=(16230)
calls=80 1164 
* 560
* 640
+2 24700
cfi=(1912)
cfn=(16230)
calls=1300 1164 
* 9100
* 9100
-4 13280
+6 5000
cfi=(1921)
cfn=(16202)
calls=1000 285 
* 8000
* 2000
+1 280
+3 40
-1 6720
+1 3000

fn=(16842) gather_func_info
965 480
+1 400
cfi=(1911)
cfn=(16444)
calls=80 354 
* 16720
* 160
+3 400
cfi=(1911)
cfn=(15968)
calls=80 549 
* 24080
+2 240
cfi=(1912)
cfn=(16350)
calls=80 3672 
* 560
* 160
+1 320
cfi=(1909)
cfn=(16134)
calls=80 124 
* 720
* 560
+1 20020
+21 270
-19 3000
cfi=(1912)
cfn=(16232)
calls=1000 2936 
* 13000
* 5000
cfn=(16878)
calls=1000 -28 
* 120020
+1 1000
+2 540
cfi=(1912)
cfn=(16116)
calls=180 2946 
* 2340
* 900
cfn=(16844) gather_intrinsic_info
calls=180 418 
* 226170
+1 180
+2 270
cfi=(1912)
cfn=(16250)
calls=90 2944 
* 1170
* 450
cfn=(16880) gather_tex_info
calls=90 -68 
* 17640
+1 90
+12 900
-22 6880
cfi=(1909)
cfn=(16134)
calls=1720 124 
* 15480
* 15400
-1 240
cfi=(1904)
cfn=(16526)
calls=80 1933 
* 7680
* 480
+27 160

fn=(16852) try_mask_partial_io
285 1440
+1 540
+1 1260
cfi=(1956)
cfn=(16854)
calls=180 68 
* 5400
* 180
+1 900
+2 360
+6 900
+3 1080
cfn=(16856) get_io_offset
calls=180 -65 
* 9180
* 180
+1 360
+3 900
cfi=(1912)
cfn=(16860)
calls=180 6669 
* 18000
* 180
+1 540
+13 900
cfi=(1912)
cfn=(16866)
calls=180 6675 
* 17820
* 180
+1 1800
cfn=(16868)
calls=180 107 
* 54000
+1 180
+1 360

fn=(16844)
418 1080
+1 180
+1 180
+1 180
+2 1800
+49 23400
+20 2160
cfi=(1912)
cfn=(16382)
calls=180 2997 
* 18180
* 360
+1 720
cfi=(1912)
cfn=(16846)
calls=180 1779 
* 21420
* 360
+2 540
cfi=(1912)
cfn=(16850)
calls=180 1832 
* 2340
* 180
+1 180
+1 900
+1 180
-1 180
+4 1080
cfn=(16852)
calls=180 285 
* 116640
* 540
+5 720
+9 540
cfn=(16876)
calls=180 329 
* 18990
* 360
+2 720
+1 720
cfi=(1912)
cfn=(16846)
calls=180 1779 
* 9900
-1 360
+3 360
909 720

fn=(16870)
62 1980
+1 360
+1 360
+2 1260
cfi=(1956)
cfn=(16854)
calls=180 +2 
* 5400
* 180
+3 1080
cfi=(1957)
cfn=(16872)
calls=180 -22 
* 14400
+1 900
+1 540
+3 360
+10 1260
+2 900
+15 540
cfi=(1957)
cfn=(16874)
calls=180 -3 
* 3240
+1 1080

fn=(16826) nir_shader_gather_info
1002 720
+1 160
+1 160
+1 160
+1 160
+1 320
+2 320
cfi=(1909)
cfn=(16134)
calls=80 124 
* 720
* 1600
cfi=(1912)
cfn=(16618)
calls=260 890 
* 4420
* 520
+1 450
+6 810
+3 360
cfi=(1322) /home/dudkin.i/mesa/mesa/build/../src/compiler/glsl_types.c
cfn=(16828) glsl_type_get_sampler_count
calls=90 3956 
* 5580
* 90
+1 360
cfi=(1322)
cfn=(16836) glsl_type_get_texture_count
calls=90 3962 
* 5490
-1 540
+2 360
cfi=(1322)
cfn=(16838) glsl_type_get_image_count
calls=90 3968 
* 5490
* 630
-12 1040
cfi=(1909)
cfn=(16134)
calls=260 124 
* 2340
* 2260
+16 320
cfi=(1909)
cfn=(16134)
calls=80 124 
* 720
* 1600
cfi=(1912)
cfn=(16618)
calls=260 890 
* 4420
* 520
+1 680
cfi=(1322)
cfn=(16840) glsl_without_array
calls=170 3514 
* 3740
* 170
+1 510
cfi=(1915)
cfn=(16428) glsl_type_is_sampler
calls=170 548 
* 1530
* 850
cfi=(1915)
cfn=(16424) glsl_type_is_image
calls=170 550 
* 1530
* 340
-2 1040
cfi=(1909)
cfn=(16134)
calls=260 124 
* 2340
* 2260
+6 160
+1 160
+1 160
+1 160
+1 160
+1 160
+1 160
+1 160
+1 160
+1 160
+1 160
+1 160
+1 160
+1 480
cob=(2)
cfi=(291)
cfn=(1092)
calls=80 198 
* 880
* 80
+1 160
+1 160
+1 160
+1 160
+1 160
+1 160
+1 160
+1 160
+2 320
+2 320
+3 320
+1 320
+1 320
+1 320
+1 320
+1 320
+1 320
+1 320
+3 320
+2 320
+9 320
+3 320
+6 320
+4 320
cfi=(1911)
cfn=(15964)
calls=80 158 
* 10960
+1 480
cfn=(16842)
calls=80 965 
* 504080
+1 320
cfi=(1911)
cfn=(16498)
calls=80 256 
* 1440
+2 160
+1 320
cfi=(1909)
cfn=(16134)
calls=80 124 
* 720
* 1600
cfi=(1912)
cfn=(16618)
calls=260 890 
* 4420
* 520
+1 450
+7 450
-8 1040
cfi=(1909)
cfn=(16134)
calls=260 124 
* 2340
* 2260
+15 320
+1 320
cfi=(1909)
cfn=(16134)
calls=80 124 
* 720
* 1600
cfi=(1912)
cfn=(16618)
calls=260 890 
* 4420
* 520
+1 400
-1 1040
cfi=(1909)
cfn=(16134)
calls=260 124 
* 2340
* 2260
+9 160
+1 320
cfi=(1909)
cfn=(16134)
calls=80 124 
* 720
* 560
+1 1300
+1 260
-2 1040
cfi=(1909)
cfn=(16134)
calls=260 124 
* 2340
* 2260
+6 240
cfi=(1912)
cfn=(16510)
calls=80 3994 
* 2720
* 480
+1 320
cfi=(1909)
cfn=(16134)
calls=80 124 
* 720
* 560
-1 240
cfi=(1912)
cfn=(16512)
calls=80 4005 
* 2240
* 960
+14 160
+1 160
-1 320
+3 320
+3 320
+1 320
+2 560

fn=(16880)
913 450
+5 360
+1 270
cfi=(1904)
cfn=(16714)
calls=90 3484 
* 1440
-1 180
+4 360
cfi=(1912)
cfn=(16682)
calls=90 2660 
* 4050
* 180
+1 360
cfi=(1912)
cfn=(16682)
calls=90 2660 
* 4050
-1 180
+4 270
cfi=(1904)
cfn=(16882) nir_tex_instr_is_query
calls=90 3448 
* 3240
* 270
+1 180
-1 180
+2 180
-1 180
+4 900
+10 90
+2 270

fn=(16856)
234 1620
+1 900
+13 180
+2 540
+1 720
+12 720
-13 540
cfi=(1912)
cfn=(16858)
calls=180 1823 
* 2160
* 1080
+22 180
+1 540

fl=(1958) /home/dudkin.i/mesa/mesa/build/../src/compiler/nir/nir_lower_fragcolor.c
fn=(16886) lower_fragcolor_intrin
52 900
+1 180
+3 360
+1 90
+2 180
cfi=(1912)
cfn=(16888)
calls=45 1972 
* 6300
* 45
+1 180
+1 90
+29 540

fn=(16884) nir_lower_fragcolor
94 200
+1 160
+3 280
cfi=(1917)
cfn=(16626) nir_shader_intrinsics_pass
calls=40 +89 
* 55955
+3 80

fl=(1961)
fn=(16934)
4422 630
+2 450
cfn=(16936) lp_img_op_from_intrinsic
calls=90 -37 
* 4050
+2 270
+1 180
+25 450

fn=(16938)
5322 225
+1 45
+2 180
+1 50
-1 50
+2 40
+1 100
+3 100
+4 180
+3 45
+1 45
+2 90
+1 2160
+26 45
-16 45
+1 45
+1 90
+1 45
+13 45
-27 630
+31 45
+1 90
+1 900
cfn=(16940) lp_build_nir_lod_property
calls=45 -70 
* 3645
* 90
+2 180
+12 135
+2 180
+3 45
+1 90

fn=(16936)
4387 450
+1 360
+1 180
-1 180
+6 360
+5 360
+1 180
-1 180
+6 360
+1 180
-1 180
+6 360
+1 180
-1 180
+5 180
+2 180

fn=(16940)
5304 180
+3 495
cfi=(1904)
cfn=(16942) nir_src_is_always_uniform
calls=45 1597 
* 2610
* 135
+1 90
+9 45
+1 90

fl=(1924) /home/dudkin.i/mesa/mesa/build/../src/util/hash_table.h
fn=(16460) _mesa_hash_table_num_entries
107 1020
+1 680
+1 680

fl=(1510)
fn=(11352)
44 160
+1 120
cfi=(1511) /home/dudkin.i/mesa/mesa/build/../src/util/blake3/blake3.c
cfn=(11354) blake3_hasher_init
calls=40 391 
* 3560
+1 120

fn=(11402)
56 200
+1 240
cfi=(1511)
cfn=(11404) blake3_hasher_finalize
calls=40 601 
* 69640
+1 120

fn=(11386)
50 240
+1 240
cfi=(1511)
cfn=(11388) blake3_hasher_update
calls=40 587 
* 552920
+1 120

fl=(1954) /home/dudkin.i/mesa/mesa/build/../src/compiler/nir/nir_lower_subgroups.c
fn=(16820) lower_subgroups_instr
1059 770
+1 220
+2 330
cfi=(1912)
cfn=(16116)
calls=110 2946 
* 1430
* 110
+1 4840
1380 220
+3 110
+1 330

fn=(16816) nir_lower_subgroups
1389 250
+1 400
cfi=(1904)
cfn=(16638)
calls=50 2374 
* 194856
+3 100

fn=(16818) lower_subgroups_filter
930 7014
+1 4008
+1 1784
+2 220
+2 440
+4 110
+1 5010

fl=(1923) /home/dudkin.i/mesa/mesa/build/../src/compiler/shader_enums.h
fn=(16658) mesa_shader_stage_uses_workgroup
108 120
+3 80
-2 80
+1 80
+1 160
+2 80

fn=(16894) mesa_shader_stage_is_mesh
101 120
+1 240
+2 80

fn=(16314) mesa_shader_stage_is_callable
117 510
+4 340
-3 340
+1 340
+1 340
+1 680
+2 340

fn=(16892) mesa_shader_stage_is_compute
95 120
+1 240
+1 80

fl=(1926) /home/dudkin.i/mesa/mesa/build/../src/compiler/nir/nir_dominance.c
fn=(16474) nir_calc_dominance_impl
175 1470
+1 1050
+3 1050
cfi=(1925)
cfn=(16467) nir_metadata_require'2
calls=210 32 
* 38430
+2 630
cfi=(1904)
cfn=(16470)
calls=210 1927 
* 3360
* 420
+1 1050
cfn=(16476) init_block
calls=210 38 
* 24150
-1 630
cfi=(1904)
cfn=(16472)
calls=210 1906 
* 11340
* 1050
+4 210
+1 210
+1 210
+1 630
cfi=(1904)
cfn=(16470)
calls=210 1927 
* 3360
* 420
+1 630
cfi=(1912)
cfn=(16350)
calls=210 3672 
* 1470
* 420
-1 630
cfi=(1904)
cfn=(16472)
calls=210 1906 
* 11340
* 1050
-2 840
+8 630
cfi=(1904)
cfn=(16470)
calls=210 1927 
* 3360
* 420
+1 630
cfn=(16478) calc_dom_frontier
calls=210 -98 
* 2310
-1 630
cfi=(1904)
cfn=(16472)
calls=210 1906 
* 11340
* 1050
+4 630
cfi=(1912)
cfn=(16350)
calls=210 3672 
* 1470
* 210
+1 420
+2 630
cfn=(16480) calc_dom_children
calls=210 -72 
* 65730
+2 210
+1 1050
cfn=(16484) calc_dfs_indices
calls=210 -43 
* 6720
* 210
+1 1050

fn=(16476)
38 1050
+1 630
cfi=(1912)
cfn=(16350)
calls=210 3672 
* 1470
* 420
+1 840
+3 420
+3 420
+1 420
+2 1050
cfi=(1911)
cfn=(16330)
calls=210 299 
* 16800
+2 210
+1 420

fn=(16478)
97 840
+1 840
+15 210
+1 420

fn=(16480)
129 840
+1 630
cfi=(1323)
cfn=(16482) ralloc_parent
calls=210 376 
* 7770
* 210
+2 630
cfi=(1904)
cfn=(16470)
calls=210 1927 
* 3360
* 420
+1 840
-1 630
cfi=(1904)
cfn=(16472)
calls=210 1906 
* 11340
* 1050
+5 630
cfi=(1904)
cfn=(16470)
calls=210 1927 
* 3360
* 420
+1 840
+1 420
+1 210
-3 630
cfi=(1904)
cfn=(16472)
calls=210 1906 
* 11340
* 1050
+15 630
cfi=(1904)
cfn=(16470)
calls=210 1927 
* 3360
* 420
+1 840
-1 630
cfi=(1904)
cfn=(16472)
calls=210 1906 
* 11340
* 1050
+5 840

fn=(16484)
161 1050
+2 840
+2 1470
+2 1260
+3 1470
+1 630

fl=(1381) /home/dudkin.i/mesa/mesa/build/src/vulkan/runtime/vk_dispatch_trampolines.c
fn=(10186) vk_tramp_CreateDevice
cfi=(1293)
cfn=(10188)
calls=0 1840 
78 27482953

fl=(1323)
fn=(9440) get_header
80 11028
+1 8271
+2 11028
+1 2757
+1 5514

fn=(11444) ralloc_vasprintf
502 240
+1 200
cfi=(1600) /home/dudkin.i/mesa/mesa/build/../src/util/u_printf.c
cfn=(11446) u_printf_length
calls=40 87 
* 23520
* 80
+2 200
cfn=(9426)
calls=40 110 
* 6440
* 40
+1 80
+1 240
cob=(2)
cfi=(220)
cfn=(11452)
calls=40 102 
* 18840
* 40
+2 40
+1 80

fn=(16050) gc_zalloc_size
892 8610
+1 8610
cfn=(16052) gc_alloc_size
calls=1435 -49 
* 479621
* 1435
+2 7175
+1 7175
cob=(2)
cfi=(291)
cfn=(1092)
calls=1435 198 
* 31920
* 1435
+2 1435
+1 2870

fn=(16052)
844 8880
+1 2960
+1 4440
cfi=(1324)
cfn=(11638) util_is_power_of_two_nonzero_uintptr
calls=1480 201 
* 22200
* 2960
+2 7400
+5 5920
+3 2960
+2 5920
cfi=(1314)
cfn=(9428)
calls=1480 720 
* 50320
* 1480
+1 7400
cfi=(1314)
cfn=(9428)
calls=1480 720 
* 50320
* 1480
+1 2960
+2 1480
+1 2960
+1 4440
cfn=(16054) gc_bucket_for_size
calls=1480 732 
* 11840
* 1480
+1 11840
cfi=(1317)
cfn=(9840)
calls=1480 123 
* 13320
* 3970
cfn=(16056) create_slab
calls=202 -40 
* 109412
* 404
+2 11840
+1 7400
cfn=(16064) alloc_from_slab
calls=1480 746 
* 96200
* 2960
+9 8880
+2 2960
+3 5920
+1 2960
+3 8880
+1 1480
+1 2960

fn=(9432) add_child
91 9668
+1 4834
+1 6141
+1 8188
+1 6141
+2 8188
+1 5868
+2 7251

fn=(9770)
219 1980
+1 2640
+3 2310
cfn=(9426)
calls=330 110 
* 121056
+1 660

fn=(17022) gc_free
903 40
+1 20
+3 30
cfn=(17024) get_gc_header
calls=10 671 
* 210
* 10
+1 60
+2 40
+1 40
cfn=(17026) free_from_slab
calls=10 782 
* 760
* 10
+3 20

fn=(17026)
782 60
+1 30
cfn=(17028) get_gc_slab
calls=10 -79 
* 120
* 10
+2 40
+4 40
+7 140
+9 60
cfn=(17030) set_gc_freelist_next
calls=10 698 
* 110
+1 30
+2 50
+1 50
+1 20

fn=(11548) unlink_block
294 1500
+2 2000
+1 850
+1 850
+2 680
+3 680
+1 850
+2 340
+1 340
+1 340
+1 510
-3 660
+1 660
+1 660
+1 990

fn=(9768) ralloc_strdup
407 200
+4 200
+3 120
cob=(2)
cfi=(217)
cfn=(766)
calls=40 52 
* 560
* 40
* 40
+1 240
cfn=(9770)
calls=40 219 
* 7523
* 40
+1 240
cob=(2)
cfi=(224)
cfn=(786)
calls=40 255 
* 600
* 40
+1 160
+1 40
+1 80

fn=(15944) gc_context
710 160
+1 160
cfn=(11434)
calls=40 151 
* 9280
* 40
+1 80
+1 5120
cfi=(1317)
cfn=(9368)
calls=640 60 
* 7680
+1 5120
cfi=(1317)
cfn=(9368)
calls=640 60 
* 7680
-2 2000
+5 80
+2 40
+1 80

fn=(9424)
104 840
+1 840
cfn=(9426)
calls=210 +5 
* 26250
+1 420

fn=(16056)
825 1010
+1 606
cfn=(16058) get_slab_size
calls=202 -12 
* 16766
* 1010
cfn=(9426)
calls=202 110 
* 67800
* 202
+1 1010
+3 606
+1 404
+1 808
+1 404
+1 606
cfn=(16062) gc_bucket_num_objs
calls=202 -94 
* 4242
* 404
+2 2222
cfi=(1317)
cfn=(9996)
calls=202 86 
* 4242
+1 2222
cfi=(1317)
cfn=(9996)
calls=202 86 
* 4242
+2 202
+1 404

fn=(16064)
746 7400
+1 4440
cfn=(16060) gc_bucket_obj_size
calls=1480 -21 
* 11840
* 1480
+2 5920
+6 11840
+1 4440
+1 7400
+1 5920
+1 10360
+5 7400
+1 7400
+1 5920
+2 1480
+1 2960

fn=(16328) reralloc_size
194 1020
+1 850
+1 850
cfn=(9426)
calls=170 -86 
* 36263
* 170
+4 340

fn=(17024)
671 40
+1 20
+5 50
+3 10
+2 20
+1 40
+1 10
+1 20

fn=(16058)
814 808
+4 606
cfn=(16060)
calls=202 -92 
* 1616
* 202
+1 606
cfn=(16062)
calls=202 -79 
* 4242
* 202
+1 1212
cfi=(1314)
cfn=(9668)
calls=202 713 
* 6868
+1 404

fn=(16060)
726 6258
+1 6258
+1 4172

fn=(16062)
740 1616
+1 1212
cfn=(16060)
calls=404 -15 
* 3232
* 1616
+1 808

fn=(16482)
376 840
+3 1050
+3 630
cfn=(9440)
calls=210 80 
* 2940
* 210
+1 1680
+1 420

fn=(11546)
256 3360
+3 1680
+3 1500
cfn=(9440)
calls=500 80 
* 7000
* 500
+1 1500
cfn=(11548)
calls=500 +31 
* 11910
+1 1500
cfn=(11550) unsafe_free
calls=500 +49 
* 157785
* 500
-4 340
+5 1680

fn=(11550)
313 2000
+3 500
+1 3675
+1 4900
+1 3675
cfn=(11551) unsafe_free'2
calls=1225 -6 
* 87189
-3 6900
+7 2000
+3 1500
cob=(2)
cfi=(193)
cfn=(1006)
calls=500 3516 
* 43446
* 500
+1 1500

fn=(11551)
313 5580
+3 1395
+1 510
+1 680
+1 510
cfn=(11551)
calls=170 -6 
* 9180
-3 6260
+7 5580
+3 4185
cob=(2)
cfi=(193)
cfn=(1006)
calls=1395 3516 
* 56909
* 1395
+1 4185

fn=(11434)
151 4175
+1 4175
cfn=(9426)
calls=835 -42 
* 183684
* 835
+2 4175
+1 4175
cob=(2)
cfi=(291)
cfn=(1092)
calls=835 +43 
* 30259
* 835
+2 835
+1 1670

fn=(17030)
698 40
+1 40
+1 30

fn=(9426)
110 12085
+8 12085
cfi=(1314)
cfn=(9428)
calls=2417 720 
* 82178
* 4834
cob=(2)
cfi=(193)
cfn=(974)
calls=2417 3480 
* 271017
* 2417
* 2417
+5 12085
+3 4834
+5 4834
+1 4834
+1 4834
+1 4834
+1 4834
+2 10975
cfn=(9440)
calls=2047 -57 
* 28658
* 4464
+2 1850
cfn=(9432)
calls=370 -48 
* 3330
* 10235
cfn=(9432)
calls=2047 -48 
* 52949
+3 4834
+1 9668
+3 4834
+1 4834

fn=(16042)
228 2940
+1 3920
+3 3430
cfn=(11434)
calls=490 -81 
* 120529
+1 980

fn=(16054)
732 4440
+1 4440
+1 2960

fn=(16326) reralloc_array_size
237 1190
+1 1360
+3 1360
cfn=(16328)
calls=170 -47 
* 39493
+1 340

fn=(17028)
704 30
+1 70
+1 20

fl=(1904)
fn=(16194) nir_tex_instr_create
954 225
+2 225
cfn=(16082) nir_instr_create
calls=45 795 
* 15435
* 45
+2 135
+1 540
cfi=(1323)
cfn=(16052)
calls=45 844 
* 11565
* 135
+1 90
+1 1800
cfn=(16172) src_init
calls=180 743 
* 1440
-1 855
+3 90
+1 90
+1 180
+1 90
+2 45
+1 90

fn=(16248)
3383 940
+1 9165
+55 940
+3 235
+2 470

fn=(16560)
2180 3020
+1 1510
+1 5285
+2 755
+1 1510

fn=(16920) nir_src_components_read
1823 225
+1 135
cfi=(1912)
cfn=(16406)
calls=45 1063 
* 990
* 90
+2 135
cfi=(1912)
cfn=(16406)
calls=45 1063 
* 990
* 135
+1 135
cfi=(1912)
cfn=(16406)
calls=45 1063 
* 990
* 90
cfi=(1912)
cfn=(16232)
calls=45 2936 
* 585
* 45
+1 90
+1 360
+1 585
+1 225
cfn=(16922) nir_alu_instr_src_read_mask
calls=45 3188 
* 38785
* 45
+10 135

fn=(15952) nir_function_impl_create
716 160
+1 160
+2 160
cfn=(15954) nir_function_impl_create_bare
calls=40 -36 
* 100927
* 40
+1 200
cfi=(1912)
cfn=(15984)
calls=40 4163 
* 520
+1 40
+1 80

fn=(15956) cf_init
675 600
+1 360
cfi=(1909)
cfn=(15958)
calls=120 57 
* 1200
+1 240
+1 360
+1 360

fn=(16420) nir_tex_instr_src_size
3566 2800
+1 6160
+1 570
+3 4070
+3 4070
+1 3330
-1 740
+9 4070
+7 4070
+1 3330
-1 740
+5 4070
+1 3330
-1 740
+4 370
+1 1120

fn=(16472)
1906 8240
+1 4120
+8 6180
cfi=(1912)
cfn=(16456)
calls=2060 3684 
* 67980
* 2060
+1 14420
+1 4120
+6 4120

fn=(16638)
2374 1800
+1 180
+2 540
cfi=(1912)
cfn=(16510)
calls=180 3994 
* 6120
* 1080
+1 1080
cfn=(16640) nir_function_impl_lower_instructions
calls=180 -80 
* 1044752
* 360
+1 10
-2 30
cfi=(1912)
cfn=(16512)
calls=10 4005 
* 280
* 510
cfi=(1912)
cfn=(16512)
calls=170 4005 
* 4760
* 2160
+5 180
+1 900

fn=(16790)
1979 360
+1 180
+5 270
cfn=(16122) nir_cf_node_get_function
calls=90 1150 
* 3060
* 270
+2 270
cfi=(1912)
cfn=(16792)
calls=90 3694 
* 2970
* 90
+1 180
+3 270
+1 360
+1 180
+24 180

fn=(16922)
3188 225
+1 45
+1 90
+1 4320
cfi=(1912)
cfn=(16924)
calls=720 1625 
* 25920
* 2160
+3 3066
-2 574
-2 2250
+6 45
+1 90

fn=(15906) nir_process_debug_variable
131 160
+2 400
cfi=(1318)
cfn=(9618)
calls=80 -81 
* 1600
+1 240

fn=(16108) reduce_cursor
1163 1680
+1 1870
+2 420
cfi=(1909)
cfn=(15990)
calls=105 171 
* 1155
* 210
+2 40
+2 315
+3 120
+17 195
cfi=(1912)
cfn=(16130)
calls=65 981 
* 2145
* 130
+2 65
+1 195
+2 195
+5 840

fn=(16208) nir_variable_create
392 315
+1 135
cfn=(16048) nir_variable_create_zeroed
calls=45 274 
* 14490
* 45
+1 270
cfn=(16210) nir_variable_set_name
calls=45 280 
* 3195
+1 135
+1 450
+1 180
+2 90
+2 90
+5 180
+1 180
+2 225
cfn=(16076) nir_shader_add_variable
calls=45 236 
* 5220
+2 45
+1 90

fn=(16228) alu_src_init
815 2800
+1 2100
cfn=(16172)
calls=700 -73 
* 5600
+1 1400
+1 67200
-1 35000
+2 2800

fn=(16470)
1927 8240
+1 6180
cfi=(1912)
cfn=(16350)
calls=2060 3672 
* 14420
+1 4120

fn=(16526)
1933 6200
+1 3100
+5 900
+3 3300
cfn=(16122)
calls=1100 1150 
* 37400
* 3300
+2 3300
cfi=(1912)
cfn=(16456)
calls=1100 3684 
* 36300
* 1100
+1 2200
+3 3300
+1 4400
+1 2200
+25 3100

fn=(16942)
1597 135
+2 495
cfi=(1912)
cfn=(16758)
calls=45 2998 
* 1665
* 135
+1 90
+34 90

fn=(17014) nir_instr_free_and_dce_is_live
1410 70
+4 40
+7 10
+1 60
cfi=(1919)
cfn=(16118)
calls=10 47 
* 920
+1 10
+1 50

fn=(17070)
1062 210
+2 175
cfn=(16082)
calls=35 795 
* 19858
* 35
+2 245
cfn=(16092) nir_def_init
calls=35 1703 
* 1505
+2 35
+1 70

fn=(16122)
1150 14380
+1 3595
+1 10785
-1 28760
+4 10785
cfi=(1912)
cfn=(16124)
calls=3595 3720 
* 46735
+1 7190

fn=(16172)
743 4485
+1 2990
+1 4485

fn=(16226) nir_alu_instr_create
823 2550
+1 4080
+3 2550
-1 2550
cfn=(16082)
calls=510 -31 
* 191136
* 510
+3 1530
+1 1020
+1 7000
cfn=(16228)
calls=700 -16 
* 116900
-1 4330
+3 510
+1 1020

fn=(16396) nir_intrinsic_src_components
3247 5250
+1 7350
+1 5250
+1 5250
+1 1600
+1 3650
+1 1400
+2 6080
cfi=(1912)
cfn=(16398)
calls=380 1170 
* 2660
* 380
+1 2100

fn=(16434) nir_tex_instr_has_explicit_tg4_offsets
1017 760
+1 760
+1 380
+3 380

fn=(16586) remove_defs_uses
1347 1780
+1 2670
cfi=(1919)
cfn=(16114)
calls=445 53 
* 67115
+1 1335

fn=(16640)
2298 1800
+1 900
cfi=(1917)
cfn=(16524)
calls=180 52 
* 9360
+2 180
+2 180
+1 540
cfi=(1912)
cfn=(16096)
calls=180 4424 
* 18360
* 720
+2 180
+1 23980
cfi=(1954)
cfn=(16818)
calls=1002 930 
* 18586
cfi=(1939) /home/dudkin.i/mesa/mesa/build/../src/compiler/nir/nir_lower_int64.c
cfn=(16672) should_lower_int64_instr
calls=870 1398 
* 49145
cfi=(1937) /home/dudkin.i/mesa/mesa/build/../src/compiler/nir/nir_lower_system_values.c
cfn=(16644) lower_system_value_filter
calls=870 64 
* 8700
* 8226
+1 7626
cfi=(1912)
cfn=(16128)
calls=2542 4301 
* 30504
* 12710
+4 3666
cfn=(16646) nir_instr_def
calls=1222 1490 
* 72077
* 1222
+2 2444
+13 5335
cfi=(1317)
cfn=(16648)
calls=1067 96 
* 40546
+1 3201
cfi=(1317)
cfn=(9368)
calls=1067 60 
* 12804
+3 3666
cfi=(1912)
cfn=(16128)
calls=1222 4301 
* 14664
* 4888
+1 8554
cfi=(1954)
cfn=(16820)
calls=110 1059 
* 8360
cfi=(1950)
cfn=(16748)
calls=1022 506 
* 163372
cfi=(1937)
cfn=(16650) lower_system_value_instr
calls=90 70 
* 15840
* 1222
+1 2484
+2 20
+1 30
cfi=(1912)
cfn=(16492)
calls=10 2887 
* 190
* 50
+3 80
+1 50
cfi=(1912)
cfn=(16604)
calls=10 4563 
* 1100
-1 60
cfi=(1317)
cfn=(9838)
calls=10 128 
* 210
* 60
cfi=(1317)
cfn=(9840)
calls=10 123 
* 90
* 210
+3 30
cfi=(1912)
cfn=(16566)
calls=10 4656 
* 180
* 20
+1 30
cfn=(17008) nir_instr_free_and_dce
calls=10 1453 
* 15093
* 50
+4 20
+3 2424
+1 5285
cfi=(1317)
cfn=(16648)
calls=1057 96 
* 40166
+2 2424
+6 3636
cfi=(1912)
cfn=(16128)
calls=1212 4301 
* 14544
* 4848
+2 2424
-55 19720
cfn=(16642) cursor_next_instr
calls=3944 -47 
* 355204
* 11832
+60 1080
cfi=(1925)
cfn=(16528)
calls=180 73 
* 6650
+1 900

fn=(16688) nir_instr_clear_src
1682 810
+1 270
cfn=(16690) src_remove_all_uses
calls=90 -34 
* 4410
+1 360
cfi=(1912)
cfn=(16176)
calls=90 1105 
* 1620
* 720
+1 630

fn=(17016)
1397 50
+1 20
+2 30
cfi=(1912)
cfn=(16566)
calls=10 4656 
* 180
* 30
+4 10
+2 20

fn=(17018) nir_instr_free
1365 40
+1 70
+13 10
+3 30
cfi=(1912)
cfn=(17020)
calls=10 4539 
* 120
* 20
cfi=(1323)
cfn=(17022)
calls=10 903 
* 1240
+1 30

fn=(15954)
683 160
+1 160
cfi=(1323)
cfn=(9426)
calls=40 110 
* 14495
* 40
+2 80
+1 80
+2 160
cfn=(15956)
calls=40 -14 
* 1040
+2 160
cfi=(1909)
cfn=(15946)
calls=40 162 
* 680
+1 160
cfi=(1909)
cfn=(15946)
calls=40 162 
* 680
+1 80
+1 80
+1 80
+1 80
+1 160
cfi=(1910)
cfn=(15960)
calls=40 35 
* 960
+1 80
+3 120
cfn=(15962) nir_block_create
calls=40 +25 
* 34179
* 40
+1 120
cfn=(15962)
calls=40 +24 
* 33013
* 40
+1 120
+1 120
+1 120
+2 240
cfi=(1909)
cfn=(15950)
calls=40 241 
* 880
+2 120
+1 240
cfi=(1911)
cfn=(15968)
calls=40 549 
* 12040
+1 40
+1 80

fn=(16076)
236 650
+1 10000
+25 130
+7 780
cfi=(1909)
cfn=(15950)
calls=130 -28 
* 2860
+1 390

fn=(16494) nir_block_get_following_if
2102 680
+1 510
cfi=(1909)
cfn=(16134)
calls=170 124 
* 1530
* 340
+3 510
cfi=(1912)
cfn=(16496)
calls=170 3710 
* 3230
* 340
+1 340
+8 340

fn=(16588)
1336 2450
+3 1470
cfn=(16590) src_is_valid
calls=490 -9 
* 4410
* 980
+1 1920
cfi=(1317)
cfn=(16592)
calls=480 108 
* 10560
+2 490
+1 980

fn=(16642)
2259 31552
+1 13272
+2 540
+2 540
cfi=(1912)
cfn=(16552)
calls=180 3247 
* 6840
* 180
+1 360
+1 360
-4 360
+20 11292
cfi=(1912)
cfn=(16130)
calls=3764 981 
* 120628
* 7528
+1 10752
cfi=(1912)
cfn=(16130)
calls=3584 981 
* 114688
* 3584
+2 180
+1 540
+1 900
cfn=(16643) cursor_next_instr'2
calls=180 -28 
* 23040
* 180
+4 7888

fn=(16643)
2259 1440
+1 2340
+11 540
cfn=(16526)
calls=180 1933 
* 17280
* 180
+1 540
+1 360
+18 360

fn=(16690)
1649 2160
+1 2700
cfn=(16590)
calls=540 1330 
* 4860
* 1080
+1 1260
cfi=(1317)
cfn=(16592)
calls=315 108 
* 6930
+1 1620

fn=(16882)
3448 360
+1 2520
+27 180
+4 180

fn=(16918) nir_def_components_read
1845 180
+1 45
+2 225
+1 135
cfi=(1912)
cfn=(16378)
calls=45 1057 
* 360
* 225
cfn=(16920)
calls=45 -26 
* 44770
* 270
+2 495
+1 40
-4 100
cfi=(1317)
cfn=(9838)
calls=25 128 
* 525
* 150
cfi=(1317)
cfn=(9840)
calls=25 123 
* 225
* 500
+7 25
+1 90

fn=(17078) nir_op_vec
3155 240
+2 840
+4 120
+7 120

fn=(16082)
795 9135
+2 5220
+6 9135
cfi=(1323)
cfn=(16050)
calls=1305 +89 
* 488494
* 1305
+3 3915
+1 2610
+1 3915
cfi=(1909)
cfn=(15958)
calls=1305 57 
* 13050
+2 1305
+1 2610

fn=(16106) nir_cursors_equal
1204 1470
+2 525
cfn=(16108)
calls=105 -43 
* 5020
* 420
+1 525
cfn=(16108)
calls=105 -44 
* 4555
* 420
+2 1050
+1 130
-1 40
+1 80

fn=(16110)
1249 14355
+1 5275
+3 560
+3 420
+1 420
cfn=(16112) add_defs_uses
calls=140 -15 
* 29820
+1 840
cfi=(1909)
cfn=(16126)
calls=140 231 
* 2940
+1 140
+13 240
+1 240
+1 180
cfn=(16112)
calls=60 -32 
* 21420
+1 300
cfi=(1909)
cfn=(17074)
calls=60 114 
* 1260
+1 60
+3 4420
+3 4420
+3 4420
+1 3315
cfn=(16112)
calls=1105 -44 
* 401960
+1 5525
cfi=(1909)
cfn=(16156)
calls=1105 104 
* 23205
+1 1105
+3 5220
+3 5220
cfn=(16122)
calls=1305 1150 
* 44370
* 1305
+1 7830
+1 5220

fn=(16148) nir_deref_instr_create
838 675
+2 675
cfn=(16082)
calls=135 -45 
* 69174
* 135
+2 405
+1 270
+3 540
+4 135
+1 270

fn=(16584)
1353 1780
+1 1335
cfn=(16586)
calls=445 -7 
* 72900
+1 1335
cfi=(1909)
cfn=(16594)
calls=445 88 
* 8900
+2 1780
+4 1335

fn=(16686)
1001 450
+1 360
+3 1170
cfn=(16688)
calls=90 1682 
* 8820
+3 360
+1 4500
+1 5625
cfn=(16692) nir_instr_move_src
calls=225 1689 
* 56925
-2 1485
+4 450
+1 270

fn=(16708)
3363 300
+1 1856
+11 88
+2 56
+2 200

fn=(15948) nir_function_create
621 200
+1 160
cfi=(1323)
cfn=(9426)
calls=40 110 
* 13835
* 40
+2 240
cfi=(1909)
cfn=(15950)
calls=40 241 
* 880
+2 200
cfi=(1323)
cfn=(9768)
calls=40 407 
* 10123
* 120
+1 120
+1 80
+1 80
+1 80
+1 80
+1 80
+1 80
+1 80
+1 80
+1 80
+1 80
+1 80
+1 80
+1 80
+1 80
+1 80
+1 80
+1 80
+3 80
+2 40
+1 80

fn=(16068) nir_variable_set_namef
300 1190
+1 340
+4 510
+1 425
cfi=(1600)
cfn=(11446)
calls=85 87 
* 48225
* 170
+3 170
+1 425
+4 340
+1 595
cob=(2)
cfi=(220)
cfn=(11452)
calls=85 102 
* 38145
* 85
+3 510

fn=(16092)
1703 7700
+1 3300
cfi=(1317)
cfn=(9368)
calls=1100 60 
* 13200
+1 4400
+1 4400
+1 2200
+1 2200
+2 4400
+8 2200
+2 3300

fn=(16112)
1242 5220
+1 7830
cfi=(1919)
cfn=(16114)
calls=1305 53 
* 258035
+1 7830
cfi=(1919)
cfn=(16118)
calls=1305 47 
* 170370
+1 3915

fn=(16412)
3201 12656
+1 37968
+1 8832
+2 7284
+1 6328

fn=(16468) nir_index_blocks
2162 1520
+1 380
+2 1900
+3 1140
cfn=(16470)
calls=380 1927 
* 6080
* 760
+1 1900
-1 1140
cfn=(16472)
calls=380 1906 
* 20520
* 1900
+7 3040
+1 760

fn=(16714)
3484 570
+1 1900
+8 190
+2 380

fn=(17008)
1453 70
+2 30
cfi=(1952)
cfn=(16778)
calls=10 84 
* 1402
+2 50
cfn=(17010) nir_instr_dce_add_dead_ssa_srcs
calls=10 -14 
* 3760
+1 30
cfi=(1912)
cfn=(16578)
calls=10 4509 
* 2580
* 40
+3 30
cfi=(1909)
cfn=(15946)
calls=10 162 
* 170
+3 10
+1 50
cfn=(17010)
calls=10 -22 
* 450
+5 30
+1 10
-1 20
+2 10
-1 20
+4 30
cfi=(1912)
cfn=(16578)
calls=10 4509 
* 1530
+1 50
cfi=(1909)
cfn=(15950)
calls=10 241 
* 220
-12 60
cfi=(1952)
cfn=(16794)
calls=20 117 
* 810
* 60
+15 30
cfn=(16802)
calls=10 -92 
* 2810
+2 30
cfi=(1952)
cfn=(16806)
calls=10 104 
* 611
+2 30
+1 60

fn=(17012)
1428 50
+1 20
+2 40
cfi=(1317)
cfn=(16592)
calls=10 108 
* 220
+1 40
cfi=(1912)
cfn=(16272)
calls=10 2838 
* 90
* 20
cfn=(17014)
calls=10 -22 
* 1160
* 30
+1 40
cfi=(1912)
cfn=(16272)
calls=10 2838 
* 90
* 50
cfi=(1952)
cfn=(16786)
calls=10 110 
* 570
+3 20
+2 10
+1 20

fn=(15942) nir_shader_create
202 240
+1 160
cfi=(1323)
cfn=(11434)
calls=40 -52 
* 18291
* 40
+2 120
cfi=(1323)
cfn=(15944)
calls=40 710 
* 37520
* 80
+3 40
cfn=(15906)
calls=40 -77 
* 1200
+3 160
cfi=(1909)
cfn=(15946)
calls=40 -49 
* 680
+2 120
+2 160
+5 80
+1 80
+1 80
+1 80
+2 160
cfi=(1909)
cfn=(15946)
calls=40 -63 
* 680
+2 80
+1 80
+1 80
+2 40
+1 80

fn=(15962)
726 320
+1 320
cfi=(1323)
cfn=(11434)
calls=80 151 
* 38632
* 80
+2 320
cfn=(15956)
calls=80 -54 
* 2080
+2 480
+1 480
cfi=(1911)
cfn=(15964)
calls=80 158 
* 10960
+1 160
+1 480
cfi=(1911)
cfn=(15964)
calls=80 158 
* 10960
+2 320
cfi=(1909)
cfn=(15946)
calls=80 162 
* 1360
+2 80
+1 160

fn=(16120)
1225 5500
+1 2200
+2 8800
+2 4400
cfn=(16122)
calls=1100 -80 
* 37400
* 1100
+2 7700
+2 6600
+3 1100
+1 2200

fn=(16242) nir_load_const_instr_create
870 390
+2 455
cfn=(16082)
calls=65 -77 
* 43309
* 65
+3 455
cfn=(16092)
calls=65 1703 
* 2795
+2 65
+1 130

fn=(16352) nir_intrinsic_dest_components
3260 1365
+1 3185
+1 2275
+2 1820
+1 420
+2 1050
+1 910

fn=(16602)
1724 800
+1 480
+1 1440
+1 800
cfi=(1912)
cfn=(16604)
calls=160 4563 
* 17600
-1 960
cfi=(1317)
cfn=(9838)
calls=160 128 
* 3360
* 960
cfi=(1317)
cfn=(9840)
calls=160 123 
* 1440
* 3360
+3 640

fn=(16692)
1689 2250
+1 675
cfn=(16590)
calls=225 1330 
* 2025
* 450
+2 675
cfn=(16690)
calls=225 -43 
* 5175
+1 675
cfn=(16690)
calls=225 -44 
* 11025
+1 2250
+1 900
cfi=(1912)
cfn=(16176)
calls=225 1105 
* 4050
* 1800
+1 1350
cfn=(16694) src_add_all_uses
calls=225 -40 
* 22050
+1 1575

fn=(16694)
1656 1350
+1 450
+3 675
cfn=(16590)
calls=225 1330 
* 2025
* 675
+3 450
+1 1125
cfi=(1912)
cfn=(16182)
calls=225 1093 
* 7875
* 225
+6 1800
cfi=(1317)
cfn=(9996)
calls=225 86 
* 4725
* 225
+1 450

fn=(16704) nir_index_instrs
2212 360
+1 90
+2 270
cfi=(1912)
cfn=(16350)
calls=90 3672 
* 630
* 180
+1 450
+2 360
cfi=(1909)
cfn=(16134)
calls=90 124 
* 810
* 630
+1 9360
-1 7488
cfi=(1909)
cfn=(16134)
calls=1872 124 
* 16848
* 16758
+3 450
-6 270
cfn=(16526)
calls=90 1933 
* 8640
* 450
+9 90
+1 180

fn=(17010)
1443 100
+1 120
cfi=(1919)
cfn=(16114)
calls=20 53 
* 3930
+1 60

fn=(16048)
274 520
+1 780
cfi=(1323)
cfn=(16050)
calls=130 892 
* 61792
+1 260

fn=(16080) nir_intrinsic_instr_create
882 2575
+1 4120
+3 1030
-1 2575
cfn=(16082)
calls=515 -90 
* 201782
* 515
+3 1545
+2 1030
+1 5535
cfn=(16172)
calls=615 743 
* 4920
-1 4005
+3 515
+1 1030

fn=(16180)
1214 7475
+1 2990
+2 7475
cfi=(1912)
cfn=(16182)
calls=1495 1093 
* 52325
+1 11960
cfi=(1317)
cfn=(9996)
calls=1495 86 
* 31395
+2 1495
+1 2990

fn=(16210)
280 270
+1 180
+3 90
+6 135
cob=(2)
cfi=(217)
cfn=(766)
calls=45 52 
* 630
* 45
* 90
+1 180
+1 270
cob=(2)
cfi=(1299)
cfn=(9234)
calls=45 64 
* 1125
* 45
* 45
+4 90

fn=(16558)
2193 280
+1 40
+2 240
+2 120
cfn=(16470)
calls=40 1927 
* 640
* 80
+1 160
cfi=(1909)
cfn=(16134)
calls=40 124 
* 360
* 280
+1 5760
cfi=(1919)
cfn=(16118)
calls=960 47 
* 80920
-1 3840
cfi=(1909)
cfn=(16134)
calls=960 124 
* 8640
* 8600
-1 120
cfn=(16472)
calls=40 1906 
* 2160
* 200
+5 120
+1 240

fn=(16590)
1330 4440
+1 5920
+1 2960

fn=(16646)
1490 4888
+1 39184
+2 1716
cfi=(1912)
cfn=(16232)
calls=572 2936 
* 7436
* 1144
+3 495
cfi=(1912)
cfn=(16154)
calls=165 2938 
* 2145
* 330
+3 165
cfi=(1912)
cfn=(16250)
calls=55 2944 
* 715
* 110
+3 930
cfi=(1912)
cfn=(16116)
calls=310 2946 
* 4030
* 310
+1 3100
+1 465
+2 310
+8 255
cfi=(1912)
cfn=(16244)
calls=85 2948 
* 1105
* 170
+3 105
cfi=(1912)
cfn=(17072)
calls=35 2950 
* 455
* 70
+9 2444

fn=(16802)
1387 400
+2 100
+1 20
+1 30
cfn=(17018)
calls=10 -26 
* 1560
-2 330
cfi=(1909)
cfn=(16804)
calls=110 251 
* 4320
* 330
+4 400

fl=(1917)
fn=(16160) nir_load_deref_with_access
1932 405
+1 630
cfi=(1915)
cfn=(16162) glsl_get_bit_size
calls=45 543 
* 2925
* 225
cfi=(1915)
cfn=(16168) glsl_get_vector_elements
calls=45 800 
* 360
* 315
cfi=(1920) /home/dudkin.i/mesa/mesa/build/src/compiler/nir/nir_builder_opcodes.h
cfn=(16170) _nir_build_load_deref
calls=45 9088 
* 48285
+3 270

fn=(16522) nir_shader_phi_pass
257 400
+1 40
+2 120
cfi=(1912)
cfn=(16510)
calls=40 3994 
* 1360
* 240
+1 40
+1 200
cfn=(16524)
calls=40 52 
* 2080
+2 120
cfi=(1912)
cfn=(16350)
calls=40 3672 
* 280
* 160
cfi=(1904)
cfn=(16526)
calls=40 1933 
* 3840
* 80
+1 120
cfi=(1912)
cfn=(16450)
calls=40 3306 
* 1360
* 280
-1 200
cfi=(1904)
cfn=(16526)
calls=40 1933 
* 400
* 200
+6 240
cfi=(1925)
cfn=(16528)
calls=40 73 
* 1480
* 200
-10 120
cfi=(1912)
cfn=(16512)
calls=40 4005 
* 1120
* 480
+13 40
+1 200

fn=(16626)
187 400
+1 40
+2 120
cfi=(1912)
cfn=(16510)
calls=40 3994 
* 1360
* 240
+1 240
cfn=(16628) nir_function_intrinsics_pass
calls=40 -35 
* 44130
* 200
-1 120
cfi=(1912)
cfn=(16512)
calls=40 4005 
* 1120
* 480
+4 40
+1 200
-8 400
+1 40
+2 120
cfi=(1912)
cfn=(16510)
calls=40 3994 
* 1360
* 240
+1 240
cfn=(16628)
calls=40 -35 
* 44310
* 200
-1 120
cfi=(1912)
cfn=(16512)
calls=40 4005 
* 1120
* 480
+4 40
+1 200
-8 400
+1 40
+2 120
cfi=(1912)
cfn=(16510)
calls=40 3994 
* 1360
* 240
+1 240
cfn=(16628)
calls=40 -35 
* 51395
* 200
-1 120
cfi=(1912)
cfn=(16512)
calls=40 4005 
* 1120
* 480
+4 40
+1 200

fn=(16158) nir_load_deref
1941 225
+1 270
cfn=(16160)
calls=45 -10 
* 53415
+1 90

fn=(16240)
347 70
+2 70
cfi=(1904)
cfn=(16242)
calls=10 870 
* 4100
* 10
+1 20
+3 80
cob=(2)
cfi=(224)
cfn=(786)
calls=10 -98 
* 120
* 10
+2 50
cfi=(1908) /home/dudkin.i/mesa/mesa/build/../src/compiler/nir/nir_builder.c
cfn=(16152) nir_builder_instr_insert
calls=10 +89 
* 3300
+2 20
+1 20
-11 315
+2 315
cfi=(1904)
cfn=(16242)
calls=45 870 
* 34234
* 45
+1 90
+3 360
cob=(2)
cfi=(224)
cfn=(786)
calls=45 -98 
* 585
* 45
+2 225
cfi=(1908)
cfn=(16152)
calls=45 +89 
* 14850
+2 90
+1 90

fn=(16264) nir_load_reg
2116 575
+1 345
cfi=(1912)
cfn=(16266)
calls=115 6769 
* 10580
* 115
+1 345
cfi=(1918)
cfn=(16276)
calls=115 1399 
* 2875
* 115
+1 345
cfi=(1918)
cfn=(16278)
calls=115 1447 
* 2875
* 115
+2 1495
cfi=(1920)
cfn=(16280) _nir_build_load_reg
calls=115 11253 
* 132135
* 115
+1 345
cfi=(1918)
cfn=(16286)
calls=115 1471 
* 3105
* 230
+2 115
+1 230

fn=(16662)
130 400
+1 40
+2 120
cfi=(1912)
cfn=(16510)
calls=40 3994 
* 1360
* 240
+1 240
cfn=(16664) nir_function_instructions_pass
calls=40 -32 
* 90360
* 200
-1 120
cfi=(1912)
cfn=(16512)
calls=40 4005 
* 1120
* 480
+5 40
+1 200
-9 400
+1 40
+2 120
cfi=(1912)
cfn=(16510)
calls=40 3994 
* 1360
* 240
+1 240
cfn=(16664)
calls=40 -32 
* 83070
* 200
-1 120
cfi=(1912)
cfn=(16512)
calls=40 4005 
* 1120
* 480
+5 40
+1 200
-9 400
+1 40
+2 120
cfi=(1912)
cfn=(16510)
calls=40 3994 
* 1360
* 240
+1 240
cfn=(16664)
calls=40 -32 
* 71190
* 200
-1 120
cfi=(1912)
cfn=(16512)
calls=40 4005 
* 1120
* 480
+5 40
+1 200
-9 400
+1 40
+2 120
cfi=(1912)
cfn=(16510)
calls=40 3994 
* 1360
* 240
+1 240
cfn=(16664)
calls=40 -32 
* 83640
* 200
-1 120
cfi=(1912)
cfn=(16512)
calls=40 4005 
* 1120
* 480
+5 40
+1 200
-9 400
+1 40
+2 120
cfi=(1912)
cfn=(16510)
calls=40 3994 
* 1360
* 240
+1 240
cfn=(16664)
calls=40 -32 
* 155690
* 200
-1 120
cfi=(1912)
cfn=(16512)
calls=40 4005 
* 1120
* 480
+5 40
+1 200

fn=(16146) nir_build_deref_var
1683 675
+2 675
cfi=(1904)
cfn=(16148)
calls=135 838 
* 72279
* 135
+2 810
+1 540
+1 405
+2 540
cfn=(16150) nir_get_ptr_bitsize
calls=135 -16 
* 1350
* 1080
cfi=(1904)
cfn=(16092)
calls=135 +12 
* 5805
+3 675
cfi=(1908)
cfn=(16152)
calls=135 444 
* 53325
+2 135
+1 270

fn=(17066)
868 1440
+1 1440
cfn=(16224) nir_swizzle
calls=240 737 
* 322020
+1 480
-2 120
+1 120
cfn=(16224)
calls=20 737 
* 26840
+1 40

fn=(17076)
701 360
+1 180
cfi=(1904)
cfn=(17078)
calls=60 3155 
* 1320
* 360
cfi=(1908)
cfn=(16290) nir_build_alu_src_arr
calls=60 217 
* 266756
+1 120

fn=(16078) nir_decl_reg
2099 735
+2 525
cfi=(1904)
cfn=(16080)
calls=105 882 
* 61642
* 105
+1 525
cfi=(1918)
cfn=(16084)
calls=105 1407 
* 2940
+1 525
cfi=(1918)
cfn=(16086)
calls=105 1455 
* 2940
+1 525
cfi=(1918)
cfn=(16088)
calls=105 1431 
* 2940
+1 420
cfi=(1918)
cfn=(16090)
calls=105 1479 
* 3045
+1 735
cfi=(1904)
cfn=(16092)
calls=105 1703 
* 4515
+2 525
cfi=(1908)
cfn=(16094) nir_builder_instr_insert_at_top
calls=105 469 
* 66315
+2 210
+1 210

fn=(16150)
1675 405
+1 540
+2 135
+1 270

fn=(16252) nir_pad_vector_imm_int
1603 495
+1 225
+1 225
+1 90
+11 270

fn=(16524)
52 1620
+2 900
cob=(2)
cfi=(291)
cfn=(1092)
calls=180 198 
* 2160
* 180
+1 180
+1 360
+1 720
+1 1980
+1 1260
-7 360
+2 200
cob=(2)
cfi=(291)
cfn=(1092)
calls=40 198 
* 480
* 40
+1 40
+1 80
+1 160
+1 440
+1 280
-7 360
+2 200
cob=(2)
cfi=(291)
cfn=(1092)
calls=40 198 
* 480
* 40
+1 40
+1 80
+1 160
+1 440
+1 280
-7 360
+2 200
cob=(2)
cfi=(291)
cfn=(1092)
calls=40 198 
* 480
* 40
+1 40
+1 80
+1 160
+1 440
+1 280
-7 360
+2 200
cob=(2)
cfi=(291)
cfn=(1092)
calls=40 198 
* 480
* 40
+1 40
+1 80
+1 160
+1 440
+1 280
-7 450
+2 250
cob=(2)
cfi=(291)
cfn=(1092)
calls=50 198 
* 600
* 50
+1 50
+1 100
+1 200
+1 550
+1 350
-7 360
+2 200
cob=(2)
cfi=(291)
cfn=(1092)
calls=40 198 
* 480
* 40
+1 40
+1 80
+1 160
+1 440
+1 280
-7 360
+2 200
cob=(2)
cfi=(291)
cfn=(1092)
calls=40 198 
* 480
* 40
+1 40
+1 80
+1 160
+1 440
+1 280
-7 810
+2 450
cob=(2)
cfi=(291)
cfn=(1092)
calls=90 198 
* 1080
* 90
+1 90
+1 180
+1 360
+1 990
+1 630
-7 360
+2 200
cob=(2)
cfi=(291)
cfn=(1092)
calls=40 198 
* 480
* 40
+1 40
+1 80
+1 160
+1 440
+1 280
-7 360
+2 200
cob=(2)
cfi=(291)
cfn=(1092)
calls=40 198 
* 480
* 40
+1 40
+1 80
+1 160
+1 440
+1 280
-7 360
+2 200
cob=(2)
cfi=(291)
cfn=(1092)
calls=40 198 
* 480
* 40
+1 40
+1 80
+1 160
+1 440
+1 280
-7 810
+2 450
cob=(2)
cfi=(291)
cfn=(1092)
calls=90 198 
* 1080
* 90
+1 90
+1 180
+1 360
+1 990
+1 630
-7 360
+2 200
cob=(2)
cfi=(291)
cfn=(1092)
calls=40 198 
* 480
* 40
+1 40
+1 80
+1 160
+1 440
+1 280
-7 360
+2 200
cob=(2)
cfi=(291)
cfn=(1092)
calls=40 198 
* 480
* 40
+1 40
+1 80
+1 160
+1 440
+1 280
-7 360
+2 200
cob=(2)
cfi=(291)
cfn=(1092)
calls=40 198 
* 480
* 40
+1 40
+1 80
+1 160
+1 440
+1 280
-7 360
+2 200
cob=(2)
cfi=(291)
cfn=(1092)
calls=40 198 
* 480
* 40
+1 40
+1 80
+1 160
+1 440
+1 280
-7 360
+2 200
cob=(2)
cfi=(291)
cfn=(1092)
calls=40 198 
* 480
* 40
+1 40
+1 80
+1 160
+1 440
+1 280

fn=(16742) nir_shader_alu_pass
203 400
+1 40
+2 120
cfi=(1912)
cfn=(16510)
calls=40 3994 
* 1360
* 240
+1 40
+1 200
cfn=(16524)
calls=40 52 
* 2080
+2 120
cfi=(1912)
cfn=(16350)
calls=40 3672 
* 280
* 160
cfi=(1904)
cfn=(16526)
calls=40 1933 
* 3840
* 80
+1 160
cfi=(1909)
cfn=(16134)
calls=40 -87 
* 360
* 520
cfi=(1909)
cfn=(16134)
calls=40 -87 
* 360
* 280
+1 3480
+1 1530
cfi=(1912)
cfn=(16232)
calls=510 2936 
* 6630
* 510
+1 3570
cfi=(1949) /home/dudkin.i/mesa/mesa/build/../src/compiler/nir/nir_lower_alu.c
cfn=(16744) lower_alu_instr
calls=510 42 
* 27130
* 2550
-3 10120
cfi=(1909)
cfn=(16134)
calls=830 -87 
* 7470
* 7590
-1 200
cfi=(1904)
cfn=(16526)
calls=40 1933 
* 400
* 200
+9 240
cfi=(1925)
cfn=(16528)
calls=40 73 
* 1480
* 200
-13 120
cfi=(1912)
cfn=(16512)
calls=40 4005 
* 1120
* 480
+16 40
+1 200
-20 500
+1 50
+2 150
cfi=(1912)
cfn=(16510)
calls=50 3994 
* 1700
* 300
+1 50
+1 250
cfn=(16524)
calls=50 52 
* 2600
+2 150
cfi=(1912)
cfn=(16350)
calls=50 3672 
* 350
* 200
cfi=(1904)
cfn=(16526)
calls=50 1933 
* 4800
* 100
+1 200
cfi=(1909)
cfn=(16134)
calls=50 -87 
* 450
* 650
cfi=(1909)
cfn=(16134)
calls=50 -87 
* 450
* 350
+1 4008
+1 1686
cfi=(1912)
cfn=(16232)
calls=562 2936 
* 7306
* 562
+1 3934
cfi=(1953) /home/dudkin.i/mesa/mesa/build/../src/compiler/nir/nir_lower_packing.c
cfn=(16814) lower_pack_instr
calls=562 -81 
* 22476
* 2810
-3 11624
cfi=(1909)
cfn=(16134)
calls=952 -87 
* 8568
* 8718
-1 250
cfi=(1904)
cfn=(16526)
calls=50 1933 
* 500
* 250
+9 300
cfi=(1925)
cfn=(16528)
calls=50 73 
* 1850
* 250
-13 150
cfi=(1912)
cfn=(16512)
calls=50 4005 
* 1400
* 600
+16 50
+1 250

fn=(16212) nir_tex_src_for_ssa
2143 1350
+2 675
cfi=(1912)
cfn=(16174)
calls=135 1154 
* 6210
* 1080
+1 270
+1 1485
+1 945

fn=(16214) nir_trim_vector
1565 270
+1 225
+1 225
+3 135
cfi=(1912)
cfn=(16216)
calls=45 141 
* 1305
* 270
cfn=(16222) nir_channels
calls=45 889 
* 72783
+1 90

fn=(16224)
737 2640
+1 480
+1 1680
cfi=(1912)
cfn=(16176)
calls=240 1105 
* 4320
+1 1200
cfi=(1912)
cfn=(16174)
calls=240 1154 
* 11040
* 1920
+2 240
+1 480
+1 1680
+1 180
+1 1440
-3 720
+3 480
-3 1440
+6 1200
+3 4320
cfn=(16186) nir_mov_alu
calls=240 -42 
* 284880
* 240
+1 1440
-16 715
+1 130
+1 455
cfi=(1912)
cfn=(16176)
calls=65 1105 
* 1170
+1 325
cfi=(1912)
cfn=(16174)
calls=65 1154 
* 2990
* 520
+2 65
+1 130
+1 1008
+1 20
+1 160
-3 80
+3 992
-3 979
+6 325
+3 1170
cfn=(16186)
calls=65 -42 
* 77155
* 65
+1 390

fn=(16298) nir_store_deref
1958 315
+1 315
cfn=(16300) nir_store_deref_with_access
calls=45 -10 
* 54225
+2 135

fn=(16628)
156 400
+1 40
+1 200
cfn=(16524)
calls=40 52 
* 2080
+2 120
cfi=(1912)
cfn=(16350)
calls=40 3672 
* 280
* 160
cfi=(1904)
cfn=(16526)
calls=40 1933 
* 3840
* 80
+1 160
cfi=(1909)
cfn=(16134)
calls=40 -37 
* 360
* 520
cfi=(1909)
cfn=(16134)
calls=40 -37 
* 360
* 280
+1 3480
+1 270
cfi=(1912)
cfn=(16116)
calls=90 2946 
* 1170
* 90
+1 630
cfi=(1936) /home/dudkin.i/mesa/mesa/build/../src/compiler/nir/nir_lower_var_copies.c
cfn=(16634) lower_var_copies_instr
calls=90 -46 
* 1260
* 450
-3 10120
cfi=(1909)
cfn=(16134)
calls=830 -37 
* 7470
* 7590
-1 200
cfi=(1904)
cfn=(16526)
calls=40 1933 
* 400
* 200
+9 240
cfi=(1925)
cfn=(16528)
calls=40 -96 
* 1480
+1 200
-14 400
+1 40
+1 200
cfn=(16524)
calls=40 52 
* 2080
+2 120
cfi=(1912)
cfn=(16350)
calls=40 3672 
* 280
* 160
cfi=(1904)
cfn=(16526)
calls=40 1933 
* 3840
* 80
+1 160
cfi=(1909)
cfn=(16134)
calls=40 -37 
* 360
* 520
cfi=(1909)
cfn=(16134)
calls=40 -37 
* 360
* 280
+1 3480
+1 270
cfi=(1912)
cfn=(16116)
calls=90 2946 
* 1170
* 90
+1 630
cfi=(1935) /home/dudkin.i/mesa/mesa/build/../src/compiler/nir/nir_split_var_copies.c
cfn=(16630) split_var_copies_instr
calls=90 -76 
* 1440
* 450
-3 10120
cfi=(1909)
cfn=(16134)
calls=830 -37 
* 7470
* 7590
-1 200
cfi=(1904)
cfn=(16526)
calls=40 1933 
* 400
* 200
+9 240
cfi=(1925)
cfn=(16528)
calls=40 -96 
* 1480
+1 200
-14 400
+1 40
+1 200
cfn=(16524)
calls=40 52 
* 2080
+2 120
cfi=(1912)
cfn=(16350)
calls=40 3672 
* 280
* 160
cfi=(1904)
cfn=(16526)
calls=40 1933 
* 3840
* 80
+1 160
cfi=(1909)
cfn=(16134)
calls=40 -37 
* 360
* 520
cfi=(1909)
cfn=(16134)
calls=40 -37 
* 360
* 280
+1 3440
+1 270
cfi=(1912)
cfn=(16116)
calls=90 2946 
* 1170
* 90
+1 630
cfi=(1958)
cfn=(16886)
calls=90 52 
* 8865
* 450
-3 10000
cfi=(1909)
cfn=(16134)
calls=820 -37 
* 7380
* 7500
-1 200
cfi=(1904)
cfn=(16526)
calls=40 1933 
* 400
* 200
+9 240
cfi=(1925)
cfn=(16528)
calls=40 -96 
* 1480
+1 200

fn=(16186)
710 1440
+1 1200
+10 1200
cfi=(1904)
cfn=(16226)
calls=240 823 
* 134160
* 240
+1 2640
cfi=(1912)
cfn=(16230)
calls=240 1164 
* 1680
* 1920
cfi=(1904)
cfn=(16092)
calls=240 1703 
* 10320
+2 2400
+1 3120
+1 1200
cfi=(1908)
cfn=(16152)
calls=240 444 
* 122160
+2 480
+1 720
-19 1410
+1 1175
+1 170
+1 340
+1 3400
+1 90
-2 3230
+4 680
+1 280
+3 475
cfi=(1904)
cfn=(16226)
calls=95 823 
* 53105
* 95
+1 1045
cfi=(1912)
cfn=(16230)
calls=95 1164 
* 665
* 760
cfi=(1904)
cfn=(16092)
calls=95 1703 
* 4085
+2 950
+1 1235
+1 475
cfi=(1908)
cfn=(16152)
calls=95 444 
* 48355
+2 190
+1 705

fn=(16234) nir_imm_int
479 225
+1 315
cfn=(16236) nir_imm_intN_t
calls=45 -8 
* 54304
+1 90

fn=(16236)
472 405
+1 225
cfi=(1912)
cfn=(16238)
calls=45 266 
* 1890
* 45
+1 270
cfn=(16240)
calls=45 347 
* 51244
+1 225

fn=(16300)
1949 360
+1 405
+1 630
cfi=(1920)
cfn=(16302) _nir_build_store_deref
calls=45 14676 
* 52695
+1 135

fn=(16222)
889 450
+1 270
+2 90
+1 5760
+2 868
-1 596
-2 2250
+6 270
cfn=(16224)
calls=45 737 
* 62004
+1 225

fn=(16664)
102 400
+1 40
+1 200
cfn=(16524)
calls=40 -52 
* 2080
+2 120
cfi=(1912)
cfn=(16350)
calls=40 3672 
* 280
* 160
cfi=(1904)
cfn=(16526)
calls=40 1933 
* 3840
* 80
+1 160
cfi=(1909)
cfn=(16134)
calls=40 +17 
* 360
* 520
cfi=(1909)
cfn=(16134)
calls=40 +17 
* 360
* 280
+1 6090
cfi=(1948) /home/dudkin.i/mesa/mesa/build/../src/compiler/nir/nir_lower_fp16_conv.c
cfn=(16738) lower_fp16_cast_impl
calls=870 229 
* 43140
* 4350
-1 10120
cfi=(1909)
cfn=(16134)
calls=830 +17 
* 7470
* 7590
-1 200
cfi=(1904)
cfn=(16526)
calls=40 1933 
* 400
* 200
+6 240
cfi=(1925)
cfn=(16528)
calls=40 -39 
* 1480
+1 200
-11 400
+1 40
+1 200
cfn=(16524)
calls=40 -52 
* 2080
+2 120
cfi=(1912)
cfn=(16350)
calls=40 3672 
* 280
* 160
cfi=(1904)
cfn=(16526)
calls=40 1933 
* 3840
* 80
+1 160
cfi=(1909)
cfn=(16134)
calls=40 +17 
* 360
* 520
cfi=(1909)
cfn=(16134)
calls=40 +17 
* 360
* 280
+1 6090
cfi=(1943)
cfn=(16718)
calls=870 +55 
* 35850
* 4350
-1 10120
cfi=(1909)
cfn=(16134)
calls=830 +17 
* 7470
* 7590
-1 200
cfi=(1904)
cfn=(16526)
calls=40 1933 
* 400
* 200
+6 240
cfi=(1925)
cfn=(16528)
calls=40 -39 
* 1480
+1 200
-11 400
+1 40
+1 200
cfn=(16524)
calls=40 -52 
* 2080
+2 120
cfi=(1912)
cfn=(16350)
calls=40 3672 
* 280
* 160
cfi=(1904)
cfn=(16526)
calls=40 1933 
* 3840
* 80
+1 160
cfi=(1909)
cfn=(16134)
calls=40 +17 
* 360
* 520
cfi=(1909)
cfn=(16134)
calls=40 +17 
* 360
* 280
+1 6090
cfi=(1938)
cfn=(16666)
calls=870 -60 
* 23970
* 4350
-1 10120
cfi=(1909)
cfn=(16134)
calls=830 +17 
* 7470
* 7590
-1 200
cfi=(1904)
cfn=(16526)
calls=40 1933 
* 400
* 200
+6 240
cfi=(1925)
cfn=(16528)
calls=40 -39 
* 1480
+1 200
-11 400
+1 40
+1 200
cfn=(16524)
calls=40 -52 
* 2080
+2 120
cfi=(1912)
cfn=(16350)
calls=40 3672 
* 280
* 160
cfi=(1904)
cfn=(16526)
calls=40 1933 
* 3840
* 80
+1 160
cfi=(1909)
cfn=(16134)
calls=40 +17 
* 360
* 520
cfi=(1909)
cfn=(16134)
calls=40 +17 
* 360
* 280
+1 6020
cfi=(1627)
cfn=(16932)
calls=860 1435 
* 36840
* 4300
-1 10000
cfi=(1909)
cfn=(16134)
calls=820 +17 
* 7380
* 7500
-1 200
cfi=(1904)
cfn=(16526)
calls=40 1933 
* 400
* 200
+6 240
cfi=(1925)
cfn=(16528)
calls=40 -39 
* 1480
+1 200
-11 400
+1 40
+1 200
cfn=(16524)
calls=40 -52 
* 2080
+2 120
cfi=(1912)
cfn=(16350)
calls=40 3672 
* 280
* 160
cfi=(1904)
cfn=(16526)
calls=40 1933 
* 3840
* 80
+1 160
cfi=(1909)
cfn=(16134)
calls=40 +17 
* 360
* 520
cfi=(1909)
cfn=(16134)
calls=40 +17 
* 360
* 280
+1 6090
cfi=(1940)
cfn=(16680)
calls=870 +8 
* 108510
* 4350
-1 10120
cfi=(1909)
cfn=(16134)
calls=830 +17 
* 7470
* 7590
-1 200
cfi=(1904)
cfn=(16526)
calls=40 1933 
* 400
* 200
+6 240
cfi=(1925)
cfn=(16528)
calls=40 -39 
* 1440
+1 200

fl=(1928) /home/dudkin.i/mesa/mesa/build/../src/compiler/nir/nir_lower_returns.c
fn=(16530) nir_lower_returns_impl
275 280
+3 120
+1 40
+1 40
+1 40
+1 40
+1 200
cfi=(1917)
cfn=(16524)
calls=40 52 
* 2080
* 400
+2 240
cfn=(16532) lower_returns_in_cf_list
calls=40 -50 
* 7480
* 40
+1 320
+2 80
+5 120
cfi=(1912)
cfn=(16538)
calls=40 4194 
* 1920
+3 40
+1 200

fn=(16536) lower_returns_in_block
165 440
+1 160
+1 160
cfi=(1912)
cfn=(16350)
calls=40 3672 
* 280
-1 80
+19 120
cfi=(1912)
cfn=(16454)
calls=40 3254 
* 1520
* 40
+1 80
+3 160
+1 80
+40 360

fn=(16518) nir_lower_returns
301 280
+4 120
cfi=(1929) /home/dudkin.i/mesa/mesa/build/../src/compiler/nir/nir_opt_remove_phis.c
cfn=(16520) nir_opt_remove_phis
calls=40 153 
* 61760
* 40
+2 120
cfi=(1912)
cfn=(16510)
calls=40 3994 
* 1360
* 240
+1 120
cfn=(16530)
calls=40 -33 
* 13680
* 400
-1 120
cfi=(1912)
cfn=(16512)
calls=40 4005 
* 1120
* 480
+4 40
+1 200

fn=(16532)
235 200
+1 40
+2 120
+1 120
+7 160
cfi=(1909)
cfn=(16534)
calls=40 130 
* 360
* 520
cfi=(1909)
cfn=(16534)
calls=40 130 
* 360
* 200
+1 320
+2 120
cfi=(1912)
cfn=(15994)
calls=40 3714 
* 520
* 200
cfn=(16536)
calls=40 -84 
* 3480
* 80
+2 80
-5 360
+22 120
+2 40
+1 80

fl=(1411) /home/dudkin.i/mesa/mesa/build/../src/vulkan/runtime/vk_queue.c
fn=(10330) vk_queue_submit_thread_func

fl=(1967)
fn=(17046)
444 80
+1 80
+1 120
+1 40

fl=(1941)
fn=(16698)
32 280
+8 120
cfi=(1912)
cfn=(16506)
calls=40 4837 
* 600
* 840
cfi=(1925)
cfn=(16508) nir_metadata_set_validation_flag
calls=40 163 
* 4200
* 120
cfi=(1912)
cfn=(16514)
calls=40 4854 
* 1040
* 280
cfi=(1927) /home/dudkin.i/mesa/mesa/build/../src/compiler/nir/nir_serialize.c
cfn=(16516) nir_validate_progress_setup
calls=40 2383 
* 1080
* 200
cfi=(1942)
cfn=(16700)
calls=40 1924 
* 110783
* 680
cfi=(1927)
cfn=(16540) nir_validate_progress_finish
calls=40 2395 
* 1000
* 560
+1 120
cfi=(1912)
cfn=(16506)
calls=40 4837 
* 600
* 840
cfi=(1925)
cfn=(16508)
calls=40 163 
* 4200
* 120
cfi=(1912)
cfn=(16514)
calls=40 4854 
* 1040
* 280
cfi=(1927)
cfn=(16516)
calls=40 2383 
* 1080
* 120
cfi=(1943)
cfn=(16716)
calls=40 190 
* 88110
* 680
cfi=(1927)
cfn=(16540)
calls=40 2395 
* 1000
* 560
+2 160
+5 160
+1 40
+1 120
cfi=(1912)
cfn=(16506)
calls=40 4837 
* 600
* 840
cfi=(1925)
cfn=(16508)
calls=40 163 
* 4200
* 120
cfi=(1912)
cfn=(16514)
calls=40 4854 
* 1040
* 280
cfi=(1927)
cfn=(16516)
calls=40 2383 
* 1080
* 120
cfi=(1944) /home/dudkin.i/mesa/mesa/build/../src/compiler/nir/nir_lower_terminate_to_demote.c
cfn=(16720) nir_lower_terminate_to_demote
calls=40 +52 
* 46120
* 680
cfi=(1927)
cfn=(16540)
calls=40 2395 
* 1000
* 560
+1 80
+7 120
cfi=(1912)
cfn=(16506)
calls=40 4837 
* 600
* 840
cfi=(1925)
cfn=(16508)
calls=40 163 
* 4200
* 120
cfi=(1912)
cfn=(16514)
calls=40 4854 
* 1040
* 280
cfi=(1927)
cfn=(16516)
calls=40 2383 
* 1080
* 200
cfi=(1945) /home/dudkin.i/mesa/mesa/build/../src/compiler/nir/nir_lower_flrp.c
cfn=(16726) nir_lower_flrp
calls=40 600 
* 63862
* 680
cfi=(1927)
cfn=(16540)
calls=40 2395 
* 1000
* 560
+1 120
cfi=(1912)
cfn=(16506)
calls=40 4837 
* 600
* 840
cfi=(1925)
cfn=(16508)
calls=40 163 
* 4200
* 120
cfi=(1912)
cfn=(16514)
calls=40 4854 
* 1040
* 280
cfi=(1927)
cfn=(16516)
calls=40 2383 
* 1080
* 160
cfi=(1948)
cfn=(16736) nir_lower_fp16_casts
calls=40 341 
* 95480
* 680
cfi=(1927)
cfn=(16540)
calls=40 2395 
* 1000
* 560
+2 120
cfi=(1912)
cfn=(16506)
calls=40 4837 
* 600
* 840
cfi=(1925)
cfn=(16508)
calls=40 163 
* 4200
* 120
cfi=(1912)
cfn=(16514)
calls=40 4854 
* 1040
* 280
cfi=(1927)
cfn=(16516)
calls=40 2383 
* 1080
* 120
cfi=(1949)
cfn=(16740) nir_lower_alu
calls=40 232 
* 87340
* 680
cfi=(1927)
cfn=(16540)
calls=40 2395 
* 1000
* 560
+3 50
+1 150
cfi=(1912)
cfn=(16506)
calls=50 4837 
* 750
* 1050
cfi=(1925)
cfn=(16508)
calls=50 +98 
* 5250
* 150
cfi=(1912)
cfn=(16514)
calls=50 4854 
* 1300
* 350
cfi=(1927)
cfn=(16516)
calls=50 2383 
* 1350
* 150
cfi=(1950)
cfn=(16746)
calls=50 522 
* 524781
* 150
cfi=(1922)
cfn=(16304) nir_validate_shader
calls=10 2265 
* 383288
* 40
cfi=(1912)
cfn=(16514)
calls=10 4854 
* 260
* 50
cfi=(1925)
cfn=(16610) nir_metadata_check_validation_flag
calls=10 178 
* 1040
* 70
cfi=(1927)
cfn=(16540)
calls=10 2395 
* 250
* 610
cfi=(1927)
cfn=(16540)
calls=40 2395 
* 1000
* 700
+1 150
cfi=(1912)
cfn=(16506)
calls=50 4837 
* 750
* 1050
cfi=(1925)
cfn=(16508)
calls=50 +97 
* 5250
* 150
cfi=(1912)
cfn=(16514)
calls=50 4854 
* 1300
* 350
cfi=(1927)
cfn=(16516)
calls=50 2383 
* 1350
* 150
cfi=(1286) ???
cfn=(16768) nir_opt_algebraic
calls=50 -66 
* 540122
* 850
cfi=(1927)
cfn=(16540)
calls=50 2395 
* 1250
* 700
+1 150
cfi=(1912)
cfn=(16506)
calls=50 4837 
* 750
* 1050
cfi=(1925)
cfn=(16508)
calls=50 +96 
* 5250
* 150
cfi=(1912)
cfn=(16514)
calls=50 4854 
* 1300
* 350
cfi=(1927)
cfn=(16516)
calls=50 2383 
* 1350
* 150
cfi=(1953)
cfn=(16812) nir_lower_pack
calls=50 190 
* 91442
* 850
cfi=(1927)
cfn=(16540)
calls=50 2395 
* 1250
* 700
+2 3000
+1 150
cfi=(1912)
cfn=(16506)
calls=50 4837 
* 750
* 1050
cfi=(1925)
cfn=(16508)
calls=50 +93 
* 5250
* 150
cfi=(1912)
cfn=(16514)
calls=50 4854 
* 1300
* 350
cfi=(1927)
cfn=(16516)
calls=50 2383 
* 1350
* 250
cfi=(1942)
cfn=(16700)
calls=50 1924 
* 126724
* 850
cfi=(1927)
cfn=(16540)
calls=50 2395 
* 1250
* 700
+2 150
+1 150
-1 900
+10 150
cfi=(1912)
cfn=(16506)
calls=50 4837 
* 750
* 1050
cfi=(1925)
cfn=(16508)
calls=50 +81 
* 5250
* 150
cfi=(1912)
cfn=(16514)
calls=50 4854 
* 1300
* 350
cfi=(1927)
cfn=(16516)
calls=50 2383 
* 1350
* 250
cfi=(1954)
cfn=(16816)
calls=50 1389 
* 195606
* 850
cfi=(1927)
cfn=(16540)
calls=50 2395 
* 1250
* 700
+1 100
+3 40
+1 120
cfi=(1912)
cfn=(16506)
calls=40 4837 
* 600
* 840
cfi=(1925)
cfn=(16508)
calls=40 +76 
* 4200
* 120
cfi=(1912)
cfn=(16514)
calls=40 4854 
* 1040
* 280
cfi=(1927)
cfn=(16516)
calls=40 2383 
* 1080
* 120
cfi=(1286)
cfn=(16822) nir_opt_algebraic_late
calls=40 -87 
* 331157
* 680
cfi=(1927)
cfn=(16540)
calls=40 2395 
* 1000
* 560
+1 80
+5 80
+1 240

fl=(1944)
fn=(16724) nir_lower_terminate_cf_list
11 440
+1 40
+2 160
cfi=(1909)
cfn=(16134)
calls=40 124 
* 360
* 520
cfi=(1909)
cfn=(16134)
calls=40 124 
* 360
* 200
+1 320
+2 120
cfi=(1912)
cfn=(15994)
calls=40 3714 
* 520
* 40
+2 160
cfi=(1909)
cfn=(16134)
calls=40 124 
* 360
* 520
cfi=(1909)
cfn=(16134)
calls=40 124 
* 360
* 280
+1 3480
+3 270
cfi=(1912)
cfn=(16116)
calls=90 2946 
* 1170
* 90
+1 540
+30 90
-33 780
-2 10120
cfi=(1909)
cfn=(16134)
calls=830 124 
* 7470
* 7590
+38 40
-43 360
+65 40
+1 360

fn=(16722) nir_lower_terminate_impl
84 280
+1 200
cfi=(1917)
cfn=(16524)
calls=40 -33 
* 2080
+1 240
cfn=(16724)
calls=40 -75 
* 37160
* 40
+2 240
cfi=(1925)
cfn=(16528)
calls=40 -15 
* 1480
+1 200

fn=(16720)
102 280
+1 40
+2 120
cfi=(1912)
cfn=(16510)
calls=40 3994 
* 1360
* 240
+1 120
cfn=(16722)
calls=40 -22 
* 41920
* 80
-1 120
cfi=(1912)
cfn=(16512)
calls=40 4005 
* 1120
* 480
+5 40
+1 200

fl=(1621) /home/dudkin.i/mesa/mesa/build/../src/gallium/drivers/llvmpipe/lp_state_fs.c
fn=(15898) llvmpipe_create_fs_state
4091 320
+1 120
cfi=(1901) /home/dudkin.i/mesa/mesa/build/../src/gallium/drivers/llvmpipe/lp_context.h
cfn=(15900) llvmpipe_context
calls=40 217 
* 240
* 40
+2 120
cob=(2)
cfi=(193)
cfn=(1126)
calls=40 3919 
* 394008
* 40
* 40
+1 80
+3 200
cfi=(1902)
cfn=(15902)
calls=40 58 
* 400
+1 200
+1 160
cfi=(1317)
cfn=(9368)
calls=40 60 
* 480
+2 80
+2 160
+1 320
cfi=(1903)
cfn=(15904) tgsi_to_nir
calls=40 2637 
* 17636441
* 120
+6 120
+1 120
cfi=(1912)
cfn=(16506)
calls=40 4837 
* 600
* 840
cfi=(1925)
cfn=(16508)
calls=40 163 
* 4200
* 120
cfi=(1912)
cfn=(16514)
calls=40 4854 
* 1040
* 280
cfi=(1927)
cfn=(16516)
calls=40 2383 
* 1080
* 400
cfi=(1958)
cfn=(16884)
calls=40 94 
* 56675
* 680
cfi=(1927)
cfn=(16540)
calls=40 2395 
* 1000
* 560
+2 120
cfi=(1912)
cfn=(16824)
calls=40 -73 
* 2000
* 200
cfi=(1955)
cfn=(16826)
calls=40 1002 
* 316325
+1 280
cfi=(1959) /home/dudkin.i/mesa/mesa/build/../src/gallium/auxiliary/nir/nir_to_tgsi_info.c
cfn=(16890) nir_tgsi_scan_shader
calls=40 253 
* 212265
+1 160
+2 200
cfi=(1627)
cfn=(16930)
calls=40 1456 
* 89000
+2 240
cfi=(1962) /home/dudkin.i/mesa/mesa/build/../src/gallium/auxiliary/draw/draw_fs.c
cfn=(16956) draw_create_fragment_shader
calls=40 44 
* 658255
* 80
+1 160
+5 200
cfi=(1933)
cfn=(16908)
calls=40 358 
* 1840
* 40
+1 200
cfi=(1933)
cfn=(16908)
calls=40 358 
* 3160
* 40
+1 200
cfi=(1933)
cfn=(16908)
calls=40 358 
* 1440
* 40
+2 320
cfi=(1963)
cfn=(16958)
calls=40 111 
* 760
* 120
+4 160
cfi=(1909)
cfn=(16134)
calls=40 124 
* 360
* 800
cfi=(1912)
cfn=(16618)
calls=130 890 
* 2210
* 260
+1 120
+1 240
cfi=(1912)
cfn=(16860)
calls=40 6669 
* 4000
* 40
+2 200
+2 200
+4 160
cfi=(1322)
cfn=(16840)
calls=40 3514 
* 880
* 80
cfi=(1915)
cfn=(16164) glsl_get_base_type
calls=40 539 
* 320
* 40
+1 240
+16 280
+1 40
+7 240
+1 160
+2 160
+5 560
+1 200
-44 520
cfi=(1909)
cfn=(16134)
calls=130 124 
* 1170
* 1130
+51 120
cfi=(1964) /home/dudkin.i/mesa/mesa/build/../src/gallium/drivers/llvmpipe/lp_state_fs_analysis.c
cfn=(16960) llvmpipe_fs_analyse_nir
calls=40 391 
* 17788
+2 40
+1 200

fl=(1915)
fn=(16394) glsl_type_is_boolean
547 3420

fn=(16862)
1300 750
+1 750
cfi=(1322)
cfn=(16864) glsl_count_vec4_slots
calls=125 2875 
* 8500
+1 250
-2 2160
+1 2160
cfi=(1322)
cfn=(16864)
calls=360 2875 
* 24480
+1 720
-2 240
+1 240
cfi=(1322)
cfn=(16864)
calls=40 2875 
* 2720
+1 80

fn=(16902) glsl_type_is_64bit
603 360
+1 450
cfn=(16904) glsl_base_type_is_64bit
calls=90 141 
* 4680
+1 180

fn=(16164)
539 6200

fn=(16432) glsl_base_type_is_integer
146 120
+11 80
-10 80
+1 80
+1 80
+1 80
+1 80
+1 80
+1 80
+1 80
+1 80
+1 80
+1 160
+2 80
-13 270
+11 180
-10 180
+1 180
+1 180
+1 180
+1 100
+1 60
+1 60
+1 60
+1 60
+1 60
+1 240
+2 60
-2 60
+2 120

fn=(16906) glsl_base_type_bit_size
95 270
+1 3060
+6 180
+31 180

fn=(16166) glsl_base_type_get_bit_size
173 1520
+1 14440
+9 760
+27 760
-37 180
+1 1710
+9 90
+27 90

fn=(17092) glsl_int_type
985 50

fn=(16168)
800 135
+1 135
+1 90
-2 1140
+1 1140
+1 760
-2 135
+1 135
+1 90

fn=(17064) glsl_float_type
972 50

fn=(16428)
548 4770

fn=(16430) glsl_get_sampler_result_type
891 720
+1 540
cfn=(16428)
calls=180 548 
* 1620
* 360
+3 540
+1 360

fn=(16904)
141 360
+1 270
cfn=(16906)
calls=90 -47 
* 3690
* 180
+1 180

fn=(16162)
543 1520
+1 1140
cfn=(16164)
calls=380 -5 
* 3040
* 760
cfn=(16166)
calls=380 173 
* 17480
+1 760
-2 180
+1 135
cfn=(16164)
calls=45 -5 
* 360
* 90
cfn=(16166)
calls=45 173 
* 2070
+1 90

fn=(16426) glsl_type_is_texture
549 810

fn=(16066) glsl_vec4_type
980 425

fn=(16424)
550 2340

fn=(16832)
554 9495

fn=(16834) glsl_type_is_struct
552 2430

fl=(1966)
fn=(17042)
247 832

fn=(17044)
250 520

fl=(1887) /home/dudkin.i/mesa/mesa/build/../src/util/format/u_format.h
fn=(15686) util_format_get_first_non_void_channel
1323 320
+1 240
cfi=(1886) /home/dudkin.i/mesa/mesa/build/src/util/format/u_format_table.c
cfn=(15684) util_format_description
calls=80 53558 
* 1200
* 80
+3 160
+1 640
+1 160
-2 160
+5 160

fl=(1949)
fn=(16740)
232 160
+1 240
+1 160
-1 80
+2 160
-1 80
+2 160
-1 80
+4 240
cfi=(1917)
cfn=(16742)
calls=40 -36 
* 85900
+2 80

fn=(16744)
42 3570
+1 510
+2 2040
cfi=(1912)
cfn=(16668)
calls=510 4292 
* 6120
* 2040
+1 3570
+2 5200
219 1020
+3 1020
+4 510
+2 1530

fl=(1889)
fn=(15764)
1184 1760
+1 640
+1 800
-1 320
+3 800
cfn=(15754) get_tokens
calls=160 257 
* 16308
* 160
+1 160
+2 640
+1 640
+1 640
+1 640
+1 640
+2 800
+1 1920
+1 1920
+1 1920
+1 2240
+1 160
+2 640
+13 640
+24 480
+1 480

fn=(15798) emit_decl_sampler_view
1701 405
+1 225
cfn=(15754)
calls=45 257 
* 4093
* 45
+2 90
+1 180
+1 225
+1 225
+1 180
+2 135
+1 180
+1 180
+2 135
+1 180
+1 450
+1 540
+1 540
+1 405
+1 135

fn=(15804) copy_instructions
2074 160
+1 120
+1 200
cfn=(15754)
calls=40 257 
* 20121
* 40
+4 40
+2 40
-1 80
-1 160
cob=(2)
cfi=(224)
cfn=(786)
calls=40 255 
* 706
* 40
+3 120

fn=(16972)
2437 160
+3 80
+1 880
+1 720
-1 240
+2 880
cob=(2)
cfi=(193)
cfn=(1006)
calls=80 3516 
* 10512
* 80
-3 320
+6 160
cfi=(1890) /home/dudkin.i/mesa/mesa/build/../src/gallium/auxiliary/util/u_bitmask.c
cfn=(16974) util_bitmask_destroy
calls=40 328 
* 5449
+1 160
cfi=(1890)
cfn=(16974)
calls=40 328 
* 5727
+1 160
cfi=(1890)
cfn=(16974)
calls=40 328 
* 6323
+2 120
cob=(2)
cfi=(193)
cfn=(1006)
calls=40 3516 
* 18327
* 40
+1 120

fn=(15698)
726 270
+3 90
+1 55
-1 205
+4 90
+1 405
cfi=(1891)
cfn=(15700)
calls=45 1099 
* 3780
* 90
+1 225
+1 360
+5 135

fn=(15704)
754 405
+1 180
cfi=(1891)
cfn=(15700)
calls=45 1099 
* 3780
* 90
+3 90
+1 55
-1 205
+6 90
+1 450
+1 450
+1 450
+1 450
+1 450
+1 450
+1 225
+1 135
+5 90

fn=(15712)
500 270
+1 360
cfn=(15714) ureg_DECL_output_masked
calls=45 -12 
* 10460
+2 90

fn=(15760)
1343 315
+3 225
cfn=(15754)
calls=45 257 
* 1845
* 45
+1 225
cfn=(15762) retrieve_token
calls=45 273 
* 1395
* 45
+2 180
+2 90
+1 180
+1 405
+1 135

fn=(17054)
1073 30
+1 30
cfn=(16984) decl_immediate
calls=5 934 
* 2070
+1 10

fn=(15708)
348 360
+1 600
cfn=(15710) ureg_DECL_fs_input_centroid_layout
calls=40 -51 
* 7320
* 40
+4 80

fn=(15750) validate
1248 1200
+2 600
cfi=(1893)
cfn=(15752)
calls=200 55 
* 6400
* 200
+1 400
+1 400
+1 1200
+1 1400
+3 600

fn=(15754)
257 5550
+1 9250
+3 7400
+1 1790
cfn=(15756) tokens_expand
calls=358 -34 
* 118206
+2 7400
+1 5550
+1 925
+1 1850

fn=(15762)
273 1425
+1 3420
+3 3420
+1 570

fn=(15768)
1391 1000
+1 1000
cfn=(15762)
calls=200 273 
* 6200
* 200
+2 1000
+1 3200
+1 600

fn=(15766)
1118 2365
+1 1075
+1 1075
-1 430
+3 1075
cfn=(15754)
calls=215 257 
* 41241
* 215
+1 215
+2 860
+1 860
+2 1075
+1 2580
+1 2795
+1 2580
+1 2580
+1 3010
+1 2580
+1 2580
+1 2365
+1 215
+2 860
+14 860
+24 645
+1 645

fn=(15780)
2171 360
+1 3000
+2 120
cfn=(15782) ureg_finalize
calls=40 -65 
* 1438890
* 200
cfi=(1900)
cfn=(15896)
calls=40 322 
* 2800
+1 120
+3 80
+3 160
+10 280
cfi=(1621)
cfn=(15898)
calls=40 4091 
* 19421847
* 40
+4 200

fn=(15722) alloc_temporary
637 360
+5 240
cfi=(1890)
cfn=(15724) util_bitmask_get_first_index
calls=60 321 
* 442260
* 120
+1 180
+8 120
+1 360
+2 120
+4 260
cfi=(1890)
cfn=(15800) util_bitmask_get
calls=20 255 
* 780
* 40
+1 240
cfi=(1890)
cfn=(15728) util_bitmask_set
calls=40 206 
* 3960
+3 360
cfi=(1890)
cfn=(15734) util_bitmask_clear
calls=60 232 
* 4140
+2 240
cfi=(1891)
cfn=(15738)
calls=60 1037 
* 4740
+1 120

fn=(15782)
2109 160
+3 240
+12 120
cfn=(15784) emit_header
calls=40 -27 
* 8080
+1 120
cfn=(15786) emit_decls
calls=40 1844 
* 433567
+1 120
cfn=(15804)
calls=40 -52 
* 21827
+1 120
cfn=(15806) fixup_header_size
calls=40 -39 
* 2240
+2 200
+1 80
-1 120
+7 120
+10 40
+1 80
+1 12800
-1 3920
+9 360
cfi=(1895) /home/dudkin.i/mesa/mesa/build/../src/gallium/auxiliary/tgsi/tgsi_sanity.c
cfn=(15808) tgsi_sanity_check
calls=40 562 
* 954336
* 120
+8 40
+1 80

fn=(15784)
2097 160
+1 200
cfn=(15754)
calls=40 257 
* 6640
* 40
+2 80
+1 160
+2 480
+1 200
+1 120

fn=(15792) emit_decl_fs
1592 360
+1 280
cfn=(15754)
calls=40 257 
* 16760
* 40
+3 80
+1 160
+1 200
+1 360
+1 360
+1 160
+1 160
+1 360
+2 120
+1 160
+1 160
+2 120
+1 400
+1 440
+2 120
+1 160
+1 400
+2 80
+4 120

fn=(16986) match_or_expand_immediate
890 90
+1 30
+3 40
+1 20
+4 20
+2 20
+1 10
+2 50
+7 40
+1 20
+4 100
+1 110
+1 10
-17 70
+23 30
+1 10
+1 20

fn=(15714)
489 405
+1 765
cfn=(15716) ureg_DECL_output_layout
calls=45 -54 
* 9155
* 45
+3 90

fn=(15716)
436 495
+3 90
+1 180
+1 180
+1 180
+1 180
+2 90
+1 40
-1 205
+13 180
+1 315
+1 315
+1 315
+1 360
+1 495
+1 360
+1 360
+1 405
+1 270
+8 585
+2 495
cfi=(1891)
cfn=(15718)
calls=45 1011 
* 2970
+2 90

fn=(15756)
228 1790
+1 1432
+2 1790
+4 358
+1 5740
-1 6144
+4 3222
cob=(2)
cfi=(193)
cfn=(1170)
calls=358 3577 
* 94508
* 358
* 716
+3 1432
+3 716

fn=(16982)
1035 30
+1 30
cfn=(16984)
calls=5 934 
* 2070
+1 10

fn=(17088)
1829 20
+1 20
+2 30
+1 10

fn=(15720)
668 240
+1 240
cfn=(15722)
calls=60 -32 
* 458640
+1 120

fn=(15796) emit_decl_range
1654 315
+1 225
cfn=(15754)
calls=45 257 
* 1845
* 45
+2 90
+1 180
+1 225
+1 405
+1 180
+1 180
+2 135
+1 180
+1 360
+1 135

fn=(15802) emit_decl_temps
1628 360
+1 280
cfn=(15754)
calls=40 257 
* 1640
* 40
+3 80
+1 160
+1 200
+1 200
+1 160
+1 320
+2 120
+1 160
+1 160
+2 80
+5 120

fn=(15806)
2088 160
+1 200
cfn=(15762)
calls=40 273 
* 1240
* 40
+2 480
+1 120

fn=(15748)
1266 2200
+2 200
+3 1200
cfn=(15750)
calls=200 -23 
* 12400
+2 1000
cfn=(15754)
calls=200 257 
* 24184
* 200
+1 400
cfi=(1894) /home/dudkin.i/mesa/mesa/build/../src/gallium/auxiliary/tgsi/tgsi_build.c
cfn=(15758) tgsi_default_instruction
calls=200 642 
* 8400
* 200
+1 2000
+1 1800
+1 3200
+1 2000
+1 2200
+2 800
+1 400
+2 1000
+2 200
+1 600

fn=(16984)
934 140
+2 10
+6 60
+14 40
+1 60
+1 100
+1 90
+3 90
-3 70
cfn=(16986)
calls=10 -69 
* 690
* 20
+6 10
+10 40
+1 20
+6 30
+1 300
-1 110
+8 20
-4 20
+3 20
-3 20
+2 20
-2 20
+1 10
-1 60
cfi=(1891)
cfn=(15700)
calls=10 1099 
* 840
* 90
cfi=(1891)
cfn=(16988)
calls=10 881 
* 1040
+5 100

fn=(16992) emit_immediate
1789 60
+1 50
cfn=(15754)
calls=10 257 
* 4712
* 10
+2 20
+1 50
+1 50
+1 90
+1 40
+2 50
+1 60
+1 60
+1 60
+1 30

fn=(15692)
2227 160
+1 160
cfn=(15694) ureg_create_with_screen
calls=40 +7 
* 5817612
+1 80

fn=(15694)
2235 200
+2 120
cob=(2)
cfi=(193)
cfn=(1126)
calls=40 3919 
* 5793852
* 40
* 40
+1 80
+3 120
+2 120
+1 40
-2 80
+3 80
+2 80
+1 4640
-1 3560
+3 40
cfi=(1890)
cfn=(15696) util_bitmask_create
calls=40 65 
* 4520
* 80
+1 160
+3 40
cfi=(1890)
cfn=(15696)
calls=40 65 
* 4520
* 80
+1 160
+3 40
cfi=(1890)
cfn=(15696)
calls=40 65 
* 4520
* 80
+1 160
+3 80
+10 80

fn=(15710)
298 360
+3 80
+1 80
+2 240
+15 160
+1 80
+1 280
+1 280
+1 280
+1 280
+1 280
+1 400
+1 280
+1 320
+1 360
+1 240
+6 400
cfi=(1891)
cfn=(15702)
calls=40 1070 
* 2840
+2 80

fn=(15786)
1844 160
+3 80
+1 6960
-1 3560
+7 400
cob=(2)
cfi=(1392)
cfn=(10024)
calls=40 423 
* 1200
* 40
+2 160
+6 160
+1 160
+15 80
+1 320
+9 240
-8 520
+4 240
+1 320
-5 720
cfn=(15792)
calls=40 1592 
* 21560
* 40
-1 680
-1 400
+45 240
+14 400
cob=(2)
cfi=(1392)
cfn=(10024)
calls=40 423 
* 2035
* 40
+2 160
+15 80
+1 405
+10 315
-9 585
+4 270
+1 405
-5 810
cfn=(15794) emit_decl_semantic
calls=45 1521 
* 25372
* 45
-1 855
-1 385
+16 80
+3 315
-2 270
cfn=(15796)
calls=45 1654 
* 4500
-1 385
+6 80
+1 2745
cfn=(15798)
calls=45 1701 
* 8548
* 45
-1 385
+10 240
+9 240
+4 80
+1 800
-1 560
+5 80
+1 8960
+2 5120
-3 3920
+16 80
+1 8960
+2 5120
-3 3920
+21 160
+1 40
+1 80
+1 240
cfi=(1890)
cfn=(15800)
calls=40 255 
* 1560
* 40
+1 80
+1 280
cfi=(1890)
cfn=(15726) util_bitmask_get_next_index
calls=40 282 
* 293880
* 40
+1 80
+1 120
+2 160
+3 400
cfn=(15802)
calls=40 1628 
* 4080
-10 320
+14 160
+6 80
+1 90
+1 90
-1 40
cfn=(16992)
calls=10 1789 
* 5342
-1 210
+5 160

fn=(15794)
1521 495
+1 315
cfn=(15754)
calls=45 257 
* 18532
* 45
+2 90
+1 180
+1 225
+1 405
+1 405
+1 180
+1 405
+1 360
+2 135
+1 180
+1 180
+2 135
+1 180
+1 450
+1 450
+1 585
+1 630
+1 585
+2 90
+4 135

fl=(1935)
fn=(16624) nir_split_var_copies
105 160
+1 240
cfi=(1917)
cfn=(16626)
calls=40 +81 
* 48870
+3 80

fn=(16630)
88 630
+1 360
+1 180
+11 270

fl=(1946) /home/dudkin.i/mesa/mesa/build/../src/util/u_vector.c
fn=(16728) u_vector_init_pow2
44 840
+1 420
cfi=(1324)
cfn=(9670)
calls=140 166 
* 2100
* 280
+1 420
cfi=(1324)
cfn=(9670)
calls=140 166 
* 2100
* 280
+2 280
+1 280
+1 420
+1 700
+1 700
cob=(2)
cfi=(193)
cfn=(974)
calls=140 3480 
* 13154
* 140
* 420
+2 700
+1 280

fn=(16796) u_vector_remove
103 4688
+3 7032
+1 200
+2 9648
+2 7504
+1 7504
+2 4288
+1 2344

fn=(16788) u_vector_add
59 4288
+4 9648
+1 320
+1 240
cob=(2)
cfi=(193)
cfn=(974)
calls=80 3480 
* 2640
* 80
* 80
+1 160
+2 560
+1 480
+1 160
+4 960
cob=(2)
cfi=(224)
cfn=(786)
calls=80 255 
* 1212
* 80
* 80
+14 320
cob=(2)
cfi=(193)
cfn=(1006)
calls=80 3516 
* 3826
* 80
+1 240
+1 240
+3 9648
+2 7504
+1 7504
+2 4288
+1 2144

fl=(1895)
fn=(15830) fill_scan_register1d
79 3100
+1 6200
+1 3100
+1 1860
+1 1240
+1 1860

fn=(15858) create_scan_register_dst
144 640
+1 320
cob=(2)
cfi=(193)
cfn=(974)
calls=160 3480 
* 17159
* 160
* 160
+1 800
cfn=(15860) scan_register_dst
calls=160 -46 
* 8640
+2 160
+1 320

fn=(15860)
100 800
+1 800
+10 640
-2 160
+1 480
-1 800
cfn=(15830)
calls=160 -30 
* 4480
+4 480

fn=(15834) is_register_declared
205 3050
+1 1830
cfn=(15836) scan_register_key
calls=610 68 
* 10980
* 4270
cfi=(1898)
cfn=(15838)
calls=610 -86 
* 91255
* 610
+3 1220
+1 1220

fn=(15882) is_ind_register_used
246 225
+1 405
cfi=(1868)
cfn=(15884) cso_hash_contains
calls=45 +77 
* 1530
+1 90

fn=(15890) regs_hash_destroy
548 480
+1 360
cfi=(1868)
cfn=(15874) cso_hash_first_node
calls=120 288 
* 6160
* 240
+1 120
+1 2225
cfi=(1899)
cfn=(15864)
calls=445 146 
* 9345
* 445
+1 2670
cfi=(1868)
cfn=(15892) cso_hash_erase
calls=445 303 
* 97500
* 890
+1 2225
+1 1335
cob=(2)
cfi=(193)
cfn=(1006)
calls=445 3516 
* 31973
* 445
-4 2825
cfi=(1899)
cfn=(15844)
calls=565 139 
* 11985
* 1695
+6 360
cfi=(1868)
cfn=(15894) cso_hash_deinit
calls=120 213 
* 25160
+1 360

fn=(15810) debug_get_option_print_sanity
37 480

fn=(15816) prolog
502 120
+1 80
+1 200
+1 120
-1 80
+3 40
+1 80

fn=(15836)
68 5025
+1 6700
+1 6700
+1 6700
+2 1675
+1 3350

fn=(15886) report_warning
175 630
+3 225
+1 45
+8 225

fn=(16994) iter_immediate
454 50
+1 20
+5 40
+5 20
cob=(2)
cfi=(193)
cfn=(974)
calls=10 3480 
* 1401
* 10
* 10
+1 60
cfn=(15830)
calls=10 79 
* 280
+1 30
cfn=(15836)
calls=10 68 
* 180
* 70
cfi=(1868)
cfn=(15846) cso_hash_insert
calls=10 183 
* 1490
+1 50
+4 50
+1 30
-1 20
+2 15
-1 10
+6 10
+1 20

fn=(15862) check_register_usage
270 3000
+1 3000
cfn=(15828) check_file_name
calls=375 -78 
* 4500
* 1125
+5 750
+13 1875
cfn=(15834)
calls=375 -84 
* 81112
* 1125
+10 1875
cfn=(15866) is_register_used
calls=375 -65 
* 65228
* 1125
+1 600
cfn=(15836)
calls=200 68 
* 3600
* 1400
cfi=(1868)
cfn=(15846)
calls=200 183 
* 55084
* 200
+2 525
cob=(2)
cfi=(193)
cfn=(1006)
calls=175 3516 
* 7531
* 175
+2 375
+1 750

fn=(15872) epilog
513 160
+1 80
+4 160
+8 160
cfi=(1868)
cfn=(15874)
calls=40 288 
* 2400
* 80
+2 40
+1 1225
cfi=(1899)
cfn=(15864)
calls=245 146 
* 5145
* 245
+1 1225
cfn=(15866)
calls=245 234 
* 48947
* 960
cfn=(15882)
calls=45 246 
* 2250
* 135
+1 90
+1 135
-1 405
cfn=(15886)
calls=45 175 
* 1125
+3 1225
cfi=(1899)
cfn=(15878)
calls=245 184 
* 20360
* 490
-6 1225
cfi=(1899)
cfn=(15844)
calls=245 139 
* 5185
* 200
cfi=(1899)
cfn=(15844)
calls=40 139 
* 840
* 855
+12 320
+3 40
+1 80

fn=(15828)
193 2950
+1 2360
+4 590
+1 1180

fn=(15826) iter_declaration
395 1075
+1 430
+6 860
+6 1075
+1 1075
cfn=(15828)
calls=215 193 
* 2580
* 645
+2 1075
+3 1175
+1 470
+1 940
-1 470
+2 470
-1 705
-1 235
+3 630
+1 80
+1 80
+8 650
+9 470
cob=(2)
cfi=(193)
cfn=(974)
calls=235 3480 
* 24767
* 235
* 235
+1 1175
+3 1410
cfn=(15830)
calls=235 79 
* 6580
+2 1175
cfn=(15832) check_and_declare
calls=235 -62 
* 94624
-32 2485
+36 215
+1 430

fn=(15832)
381 1175
+1 1175
cfn=(15834)
calls=235 205 
* 33323
* 470
+3 705
cfn=(15836)
calls=235 68 
* 4230
* 1645
cfi=(1868)
cfn=(15846)
calls=235 183 
* 51196
+3 705

fn=(15866)
234 3100
+1 1860
cfn=(15836)
calls=620 68 
* 11160
* 4340
cfi=(1898)
cfn=(15838)
calls=620 120 
* 90615
* 620
+3 1240
+1 1240

fn=(15808)
562 280
+4 80
+1 80
+1 80
+1 80
+1 80
+1 80
+2 160
cfi=(1868)
cfn=(15594) cso_hash_init
calls=40 200 
* 920
+1 160
cfi=(1868)
cfn=(15594)
calls=40 200 
* 920
+1 160
cfi=(1868)
cfn=(15594)
calls=40 200 
* 920
+2 40
+1 40
+1 40
+2 40
+1 40
+1 40
+1 40
cfn=(15810)
calls=40 37 
* 480
* 40
+2 200
cfi=(1896) /home/dudkin.i/mesa/mesa/build/../src/gallium/auxiliary/tgsi/tgsi_iterate.c
cfn=(15812) tgsi_iterate_shader
calls=40 35 
* 749538
* 40
+1 160
cfn=(15890)
calls=40 -39 
* 99098
+1 160
cfn=(15890)
calls=40 -40 
* 95260
+1 160
cfn=(15890)
calls=40 -41 
* 4440
+1 160
+3 120
+1 200

fn=(15856) iter_instruction
311 1200
+1 400
+4 1000
+1 160
+3 160
+3 280
cfi=(1893)
cfn=(15752)
calls=40 55 
* 1280
* 1120
cfi=(1893)
cfn=(15752)
calls=160 55 
* 5120
* 200
+1 400
+5 2200
+4 2400
+8 400
+1 1280
cfn=(15858)
calls=160 144 
* 28359
* 160
+1 960
cfn=(15862)
calls=160 -73 
* 110724
+5 1440
-7 2680
+11 400
+1 1720
cfn=(15868) create_scan_register_src
calls=215 135 
* 36080
* 215
+5 1720
-4 1720
cfn=(15862)
calls=215 -84 
* 124231
+5 2150
-7 3120
+21 1000
+2 200
+1 600

fn=(15868)
135 860
+1 430
cob=(2)
cfi=(193)
cfn=(974)
calls=215 3480 
* 21030
* 215
* 215
+1 1075
cfn=(15870) scan_register_src
calls=215 -19 
* 11610
+2 215
+1 430

fn=(15870)
118 1075
+1 1075
+10 860
-2 215
+1 645
-1 1075
cfn=(15830)
calls=215 -48 
* 6020
+4 645

fl=(1952)
fn=(16778)
84 40
+2 50
cfi=(1946)
cfn=(16728)
calls=10 -42 
* 1232
* 20
-1 20
+2 20
+1 20
-4 360
+2 450
cfi=(1946)
cfn=(16728)
calls=90 -42 
* 17354
* 180
-1 180
+2 180
+1 180

fn=(16786)
110 50
+1 30
cfi=(1946)
cfn=(16788)
calls=10 -52 
* 420
* 10
+1 30
+1 30
-3 5310
+1 3186
cfi=(1946)
cfn=(16788)
calls=1062 -52 
* 56362
* 1062
+1 3186
+1 3186

fn=(16806)
104 40
+1 30
cfi=(1947)
cfn=(16734)
calls=10 -16 
* 511
+1 30
-2 360
+1 270
cfi=(1947)
cfn=(16734)
calls=90 -16 
* 4891
+1 270

fn=(16794)
117 80
+1 60
cfi=(1946)
cfn=(16796)
calls=20 -15 
* 530
* 20
+2 40
+1 20
+2 20
+1 40
-7 4608
+1 3456
cfi=(1946)
cfn=(16796)
calls=1152 -15 
* 42678
* 1152
+2 2304
+1 180
+2 2124
+1 2304

fl=(1600)
fn=(11446)
87 1000
+6 1000
+9 750
cob=(2)
cfi=(220)
cfn=(11452)
calls=125 * 
* 67620
* 125
* 125
+2 250
+4 250
+1 625

fl=(1925)
fn=(16466)
32 7140
+3 3570
+1 510
cfi=(1904)
cfn=(16468)
calls=170 2162 
* 18360
+1 3570
+1 270
cfi=(1904)
cfn=(16704)
calls=90 2212 
* 64314
+1 3570
+1 630
cfi=(1926)
cfn=(16474)
calls=210 175 
* 204750
+1 3570
+2 3570
+2 3570
+3 2040
+20 3060
+1 3060

fn=(16467)
32 2940
+3 1470
+1 630
cfi=(1904)
cfn=(16468)
calls=210 2162 
* 22680
+1 1470
+2 1470
+2 1470
+2 1470
+2 1470
+3 840
+20 1260
+1 1260

fn=(16508)
163 7070
+1 3030
cfi=(1912)
cfn=(16510)
calls=1010 3994 
* 34340
* 6060
+1 6060
-1 3030
cfi=(1912)
cfn=(16512)
calls=1010 4005 
* 28280
* 12120
+3 6060

fn=(16528)
73 7350
+2 4200
+1 830
+2 4200
+2 4200
+8 8400
+7 6300
+1 1050
+1 2100

fn=(16610)
178 630
+1 270
cfi=(1912)
cfn=(16510)
calls=90 3994 
* 3060
* 540
+1 450
-1 270
cfi=(1912)
cfn=(16512)
calls=90 4005 
* 2520
* 1080
+3 540

fl=(1511)
fn=(11388)
587 400
+1 40
+1 360
483 80
+4 80
+4 120
30 200
+1 120
-1 40
491 80
+34 80
fi=(1516) /home/dudkin.i/mesa/mesa/build/../src/util/blake3/blake3_impl.h
148 160
cfn=(16000) highest_one
calls=40 -46 
* 320
* 160
fe=(1511)
526 40
+1 160
+16 240
+5 120
+1 80
+13 40
+2 80
-2 600
360 440
cfn=(16004) blake3_compress_subtree_wide
calls=40 -87 
* 280480
* 80
+2 80
+13 80
+6 240
cob=(2)
cfi=(224)
cfn=(786)
calls=40 255 
* 480
* 40
+1 40
565 520
fi=(1516)
134 80
cob=(15) /usr/lib/libgcc_s.so.1
cfi=(1515) /usr/src/debug/gcc/gcc/libgcc/libgcc2.c
cfn=(11394) __popcountdi2
calls=40 823 
* 840
* 40
fe=(1511)
427 80
+1 240
+7 40
+37 560
cob=(2)
cfi=(224)
cfn=(786)
calls=40 255 
* 480
* 40
+2 200
+1 40
+92 160
-1 520
fi=(1516)
134 80
cob=(15)
cfi=(1515)
cfn=(11394)
calls=40 823 
* 840
* 40
fe=(1511)
427 80
+1 240
+7 40
+37 560
cob=(2)
cfi=(224)
cfn=(786)
calls=40 255 
* 480
* 40
+2 200
+1 40
+94 240
+1 80
+1 80
-46 160
+55 80
+1 280
120 160
+17 1600
-90 1600
+1 80
+2 360
+85 3960
cfi=(1595)
cfn=(11598)
calls=360 +36 
* 186480
* 440
cfi=(1595)
cfn=(11598)
calls=40 +36 
* 20720
+3 2000
+1 400
+1 400
-6 1120
-98 240
+1 120
+1 80
+2 280
+1 240
cob=(2)
cfi=(224)
cfn=(786)
calls=40 255 
* 480
* 40
+1 240
144 40
582 280
fi=(1516)
134 80
cob=(15)
cfi=(1515)
cfn=(11394)
calls=40 823 
* 840
* 40
fe=(1511)
427 80
+1 40
+2 200
-1 240
+2 320
155 400
-88 240
cob=(2)
cfi=(224)
cfn=(786)
calls=40 255 
* 480
* 40
+1 680
+1 80
+1 80
+1 80
+1 1120
+83 200
-72 240
cob=(2)
cfi=(224)
cfn=(786)
calls=40 255 
* 480
* 40
+2 80
-1 40
+1 80
-1 360
cfi=(1595)
cfn=(11598)
calls=40 +87 
* 20720
* 160
fi=(1516)
191 200
-8 80
+1 160
+1 240
+1 240
+1 240
+1 40
+4 280
-9 80
+1 160
+1 240
+1 240
+1 240
+1 40
+5 280
-10 80
+1 160
+1 240
+1 240
+1 240
+1 40
+6 280
-11 80
+1 160
+1 240
+1 240
+1 240
+1 40
+7 280
-12 80
+1 160
+1 240
+1 240
+1 240
+1 40
+8 280
-13 80
+1 160
+1 240
+1 240
+1 240
+1 40
+9 280
-14 80
+1 160
+1 240
+1 240
+1 240
+1 40
+10 280
-15 80
+1 160
+1 240
+1 240
+1 240
+1 40
+11 40
fe=(1511)
87 40
433 200
-5 400
+7 40
590 280

fn=(11406) blake3_hasher_finalize_seek
606 440
+5 80
+5 160
+14 120
30 200
+1 120
-1 40
630 80
+1 160
+1 120
148 160
47 160
+3 40
+97 120
+2 560
-82 240
cob=(2)
cfi=(224)
cfn=(786)
calls=40 255 
* 480
* 40
+1 680
+1 80
+1 80
+1 80
+1 1120
+77 40
632 1160
+8 40
+2 440
cob=(2)
cfi=(224)
cfn=(786)
calls=40 255 
* 480
* 40
* 200
83 240
cob=(2)
cfi=(224)
cfn=(786)
calls=40 255 
* 480
* 40
+2 80
-1 40
+1 80
-1 360
cfi=(1595)
cfn=(11598)
calls=40 +87 
* 20720
* 160
fi=(1516)
191 200
-8 80
+1 160
+1 240
+1 240
+1 240
+1 40
+4 280
-9 80
+1 160
+1 240
+1 240
+1 240
+1 40
+5 280
-10 80
+1 160
+1 240
+1 240
+1 240
+1 40
+6 280
-11 80
+1 160
+1 240
+1 240
+1 240
+1 40
+7 280
-12 80
+1 160
+1 240
+1 240
+1 240
+1 40
+8 280
-13 80
+1 160
+1 240
+1 240
+1 240
+1 40
+9 280
-14 80
+1 160
+1 240
+1 240
+1 240
+1 40
+10 280
-15 80
+1 160
+1 240
+1 240
+1 240
+1 40
+11 40
fe=(1511)
87 40
644 320
155 400
-88 240
cob=(2)
cfi=(224)
cfn=(786)
calls=40 255 
* 480
* 40
+1 680
+1 80
+1 80
+1 80
+1 1120
+83 40
644 1120
-5 480
91 80
+3 120
+1 120
+2 80
+9 80
+3 120
+1 120
+1 40
+1 80
+1 640
cfi=(1595)
cfn=(11408)
calls=40 +87 
* 21160
+1 240
cob=(2)
cfi=(224)
cfn=(786)
calls=40 255 
* 480
* 40
* 40
647 240

fn=(16004)
273 640
+5 40
cfi=(1595)
cfn=(16006)
calls=40 +25 
* 1440
* 120
+1 480
-97 40
+1 40
+1 40
+1 400
+1 80
+1 80
-3 480
+6 600
cfi=(1595)
cfn=(16008)
calls=40 +63 
* 275520
* 40
+6 120
+11 40
+72 40
+59 240

fn=(11404)
601 240
+1 240
cfn=(11406)
calls=40 +4 
* 69040
+1 120

fn=(11354)
391 360
-5 240
cob=(2)
cfi=(224)
cfn=(786)
calls=40 255 
* 480
* 40
+1 280
12 240
cob=(2)
cfi=(224)
cfn=(786)
calls=40 255 
* 480
* 40
+1 80
+1 240
cob=(2)
cfi=(291)
cfn=(1092)
calls=40 198 
* 480
* 40
+1 80
+1 80
+1 120
+1 40
388 80
+1 40
+2 120

fl=(1948)
fn=(16738)
229 8700
+1 2610
+3 870
+1 870
+2 3480
+1 1530
cfi=(1912)
cfn=(16232)
calls=510 2936 
* 6630
* 510
+1 1530
+1 1530
+1 1530
+1 3060
+21 1020
+2 1440
+1 270
cfi=(1912)
cfn=(16116)
calls=90 2946 
* 1170
* 90
+1 360
+1 180
+17 540
+53 5220

fn=(16736)
341 200
+1 280
cfi=(1917)
cfn=(16662)
calls=40 130 
* 94920
+4 80

fl=(1322)
fn=(16830) glsl_type_count
3932 1620
+1 810
cfi=(1915)
cfn=(16832)
calls=270 554 
* 2430
* 540
+8 810
cfi=(1915)
cfn=(16834)
calls=270 552 
* 2430
* 540
+7 810
cfi=(1915)
cfn=(16164)
calls=270 539 
* 2160
* 540
+1 180
+2 180
+1 810

fn=(16836)
3962 360
+1 360
cfn=(16830)
calls=90 -31 
* 4590
+1 180

fn=(16864)
2875 5250
+26 26775
+13 2100
+48 1575

fn=(16198) glsl_get_sampler_dim_coordinate_components
3419 180
+1 654
+10 22
+3 68
+4 90

fn=(16828)
3956 360
+1 360
cfn=(16830)
calls=90 -25 
* 4680
+1 180

fn=(16838)
3968 360
+1 360
cfn=(16830)
calls=90 -37 
* 4590
+1 180

fn=(16206) glsl_sampler_type
834 405
+1 410
+2 334
+12 20
+3 10
+2 12
+3 24
+2 8
+2 8
+3 8
+21 20
+2 228
+6 8
+2 8
+2 16
+2 4
+2 4
+15 40
+2 448
+6 14
+2 14
+2 32
+2 10
+2 10
+21 90

fn=(16840)
3514 1360
+1 1360
cfi=(1915)
cfn=(16832)
calls=340 554 
* 3060
* 680
+2 340
+1 680

fn=(16390) glsl_type_is_vector_or_scalar
3458 1520
+1 1140
cfn=(16392) glsl_type_is_vector
calls=380 -18 
* 6880
* 1000
cfn=(17068) glsl_type_is_scalar
calls=80 -9 
* 1280
* 1300
+1 760

fn=(16392)
3441 1140
+1 760
+2 760
-1 1200
+2 600
-1 1360
+2 160
-2 300
+2 600

fn=(17068)
3450 240
+1 160
+1 160
+1 160
-1 400
+2 160

fl=(1886)
fn=(15684)
53558 640
+1 320
+1 1120
+1 320

fl=(1965)
fn=(17002)
67033 90
+3 10
0 5090
68166 80
cfn=(17006) evaluate_mov
calls=10 52419 
* 1120
* 10
+1 10
68553 20
+2 30

fn=(17006)
52419 80
+1 10
+2 60
+73 20
+1 40
+2 200
-1 80
+4 80
+2 240
+3 80
-11 190
+15 10
+29 10
+1 20

fl=(1868)
fn=(15594)
200 360
+1 240
+1 240
+1 240
+1 480
+1 240
+1 240
+1 360
+1 360

fn=(15848) cso_data_might_grow
148 1780
+1 2670
+1 640
cfn=(15850) cso_data_rehash
calls=80 -52 
* 26800
+1 1335

fn=(15874)
288 640
+1 800
cfn=(15876) cso_data_first_node
calls=160 167 
* 6320
* 160
+1 320
+1 320

fn=(15880)
241 2760
+7 2070
+1 2070
+4 2760
+1 180
+2 6000
+1 4200
+1 2400
+1 600
+1 8400
+1 1440
+1 1200
-3 9000
+5 120
+1 1380

fn=(15876)
167 480
+1 320
+1 480
+1 480
+2 160
+1 1440
+1 360
+1 240
-3 2000
+5 40
+1 320

fn=(15884)
324 225
+1 225
cfi=(1899)
cfn=(15842)
calls=45 155 
* 675
* 45
+1 270
+1 90

fn=(15854) cso_hash_create_node
80 3115
+1 890
cob=(2)
cfi=(193)
cfn=(974)
calls=445 3480 
* 27514
* 445
* 445
+2 890
+3 1335
+1 1335
+2 1780
+1 1335
+1 2225
+1 445
+1 890

fn=(15894)
213 480
+1 360
+1 360
+1 360
+2 120
+1 6800
+1 5440
-2 7400
+8 480
cob=(2)
cfi=(193)
cfn=(1006)
calls=120 3516 
* 2880
* 120
+1 360

fn=(15850)
98 400
+1 160
+7 240
+1 80
+3 400
+1 160
+1 240
+1 240
+2 320
+1 240
cfn=(15852) primeForNumBits
calls=80 -63 
* 1280
* 160
+1 480
cob=(2)
cfi=(193)
cfn=(974)
calls=80 3480 
* 2640
* 80
* 240
+1 160
+1 10880
-1 7120
+3 400
+20 240
cob=(2)
cfi=(193)
cfn=(1006)
calls=80 3516 
* 320
* 80
+2 240

fn=(15852)
53 240
+1 880
+1 160

fn=(15846)
183 2670
+1 1335
cfn=(15848)
calls=445 -36 
* 33225
+2 2225
cfi=(1899)
cfn=(15842)
calls=445 -31 
* 17661
* 445
+1 2670
cfn=(15854)
calls=445 80 
* 42644
* 445
+1 890
+5 1780
+1 890
+1 890

fn=(15892)
303 4895
+1 1780
+1 890
+3 1780
+3 2225
cfi=(1899)
cfn=(15878)
calls=445 184 
* 38020
* 890
+1 6230
+1 2225
+2 1780
+1 1335
cob=(2)
cfi=(193)
cfn=(1006)
calls=445 3516 
* 31000
* 445
+1 2225
+1 890
+1 890

fl=(1901)
fn=(15900)
217 120
+1 40
+1 80

fl=(1431) /home/dudkin.i/mesa/mesa/build/../src/util/u_thread.h
fn=(10374) util_semaphore_wait

fl=(1959)
fn=(16916) gather_intrinsic_load_deref_info
135 630
+1 315
+2 180
+2 90
-1 180
cfi=(1904)
cfn=(16918)
calls=45 1845 
* 48360
* 270
cfn=(16926) gather_usage
calls=45 -34 
* 11295
+3 225
+7 360
cfi=(1960) /home/dudkin.i/mesa/mesa/build/../src/gallium/auxiliary/tgsi/tgsi_from_mesa.c
cfn=(16896) tgsi_get_gl_varying_semantic
calls=45 -81 
* 1980
+3 135
+3 45
+3 315

fn=(16890)
253 400
+3 200
+1 80
+2 200
+2 160
+5 160
+5 160
+14 160
+7 160
+2 440
-1 80
+2 280
+1 240
+2 200
+5 200
+20 200
cfi=(1923)
cfn=(16892)
calls=40 95 
* 440
* 80
+1 200
cfi=(1923)
cfn=(16894)
calls=40 101 
* 440
-1 80
+7 40
+1 40
+1 160
cfi=(1909)
cfn=(16134)
calls=40 124 
* 360
* 800
cfi=(1912)
cfn=(16618)
calls=130 890 
* 2210
* 260
+3 120
+1 280
cfi=(1956)
cfn=(16854)
calls=40 68 
* 1200
* 80
+5 200
cfi=(1912)
cfn=(16860)
calls=40 6669 
* 4000
* 40
+2 120
+6 160
+4 80
+2 320
+3 240
+2 400
cfi=(1960)
cfn=(16896)
calls=40 68 
* 1760
+3 200
+1 200
+2 120
+4 160
cfi=(1322)
cfn=(16840)
calls=40 3514 
* 880
* 80
cfi=(1915)
cfn=(16164)
calls=40 539 
* 320
* 40
+2 200
+2 200
+3 240
+20 120
cfi=(1915)
cfn=(16432)
calls=40 146 
* 1240
* 120
+2 120
+1 40
-47 360
-21 520
cfi=(1909)
cfn=(16134)
calls=130 124 
* 1170
* 1130
+77 200
+1 200
+6 200
+1 160
cfi=(1909)
cfn=(16134)
calls=40 124 
* 360
* 800
cfi=(1912)
cfn=(16618)
calls=130 890 
* 2210
* 260
+1 200
cfi=(1915)
cfn=(16862)
calls=40 1300 
* 3280
* 40
+1 240
+1 120
+1 80
+1 120
-5 160
cfi=(1909)
cfn=(16134)
calls=40 124 
* 360
* 360
cfi=(1909)
cfn=(16134)
calls=90 124 
* 810
* 1130
+9 40
+1 40
+1 40
+1 160
cfi=(1909)
cfn=(16134)
calls=40 124 
* 360
* 800
cfi=(1912)
cfn=(16618)
calls=130 890 
* 2210
* 260
+3 135
+2 135
+1 315
cfi=(1956)
cfn=(16854)
calls=45 68 
* 1350
* 90
+5 225
cfi=(1912)
cfn=(16860)
calls=45 6669 
* 4500
* 45
+1 90
+2 180
+1 450
cfi=(1960)
cfn=(16900) tgsi_get_gl_frag_result_semantic
calls=45 194 
* 945
+4 180
+8 45
+1 180
cfi=(1322)
cfn=(16840)
calls=45 3514 
* 990
* 90
cfi=(1915)
cfn=(16168)
calls=45 800 
* 360
* 45
+1 90
+1 90
+2 225
+1 180
cfi=(1322)
cfn=(16840)
calls=45 3514 
* 990
* 90
cfi=(1915)
cfn=(16902)
calls=45 603 
* 2835
* 90
+9 45
+1 135
+1 950
+2 45
+1 45
+2 25
+1 25
+2 25
+1 25
+2 25
+1 25
-13 945
+20 360
+3 270
+1 45
+1 90
+1 1560
-1 615
+4 135
+1 180
+1 180
+1 180
+2 180
+1 360
+1 405
+1 315
+2 180
+1 200
+1 250
+1 175
+2 180
+1 200
+1 250
+1 175
+2 180
+1 200
+1 250
+1 175
+6 360
+3 270
+1 45
+2 225
+1 225
+2 1210
+14 50
+1 20
+1 10
+8 40
+1 50
+1 20
+4 10
-14 20
+14 10
+3 180
441 360
587 135
+1 270
429 520
cfi=(1909)
cfn=(16134)
calls=130 124 
* 1170
* 1130
596 200
+22 160
+2 240
+1 160
+1 160
+2 200
cfi=(1933)
cfn=(16908)
calls=40 358 
* 1840
* 120
+1 200
cfi=(1933)
cfn=(16908)
calls=40 358 
* 3160
* 120
+1 160
+1 160
+1 200
cfi=(1933)
cfn=(16908)
calls=40 358 
* 1440
* 120
+1 160
+2 240
+1 240
+2 160
+1 240
+3 160
cfi=(1909)
cfn=(16910)
calls=40 194 
* 1040
* 40
+2 160
cfi=(1912)
cfn=(16350)
calls=40 3672 
* 280
* 80
+1 160
cfi=(1909)
cfn=(16134)
calls=40 124 
* 360
* 280
+1 5160
cfn=(16912) scan_instruction
calls=860 164 
* 100620
-1 3440
cfi=(1909)
cfn=(16134)
calls=860 124 
* 7740
* 7700
-1 120
cfi=(1904)
cfn=(16526)
calls=40 1933 
* 3840
* 200
+4 240

fn=(16926)
105 450
+2 270
cfi=(1957)
cfn=(16872)
calls=45 -60 
* 3600
+2 315
+1 180
cfi=(1915)
cfn=(16902)
calls=45 603 
* 2835
* 90
+8 270
+1 45
+3 45
+1 135
-1 270
cfn=(16928) gather_usage_helper
calls=45 -66 
* 1575
+4 135
cfi=(1957)
cfn=(16874)
calls=45 -28 
* 810
+1 270

fn=(16928)
56 405
+1 225
+40 630
+1 180
+2 135

fn=(16912)
164 6880
+1 1720
+2 3440
+1 135
cfi=(1912)
cfn=(16250)
calls=45 2944 
* 585
* 45
+2 180
+7 3260
+1 270
cfi=(1912)
cfn=(16116)
calls=90 2946 
* 1170
* 90
+2 2430
+52 180
cfi=(1912)
cfn=(16888)
calls=45 1972 
* 6300
* 45
+1 180
+1 540
cfi=(1912)
cfn=(16382)
calls=45 2997 
* 4545
* 90
+2 135
cfi=(1957)
cfn=(16914)
calls=45 126 
* 540
* 90
+4 90
+1 450
cfn=(16916)
calls=45 135 
* 64380
+1 45
-67 90
+70 90
-3 45
+6 2580

fl=(1286)
fn=(16822)
0 12720
cfi=(1912)
cfn=(16770)
calls=40 1327 
0 720
0 480
cfi=(1912)
cfn=(16770)
calls=40 1327 
0 720
0 480
cfi=(1912)
cfn=(16770)
calls=40 1327 
0 720
0 24960
cfi=(1912)
cfn=(16770)
calls=40 1327 
0 720
0 640
cfi=(1912)
cfn=(16770)
calls=40 1327 
0 720
0 17880
cfi=(1912)
cfn=(16510)
calls=40 3994 
0 1360
0 480
cfi=(1951)
cfn=(16772)
calls=40 916 
0 266397
0 320
cfi=(1912)
cfn=(16512)
calls=40 4005 
0 1120
0 720

fn=(16768)
0 15900
cfi=(1912)
cfn=(16770)
calls=50 1327 
0 900
0 600
cfi=(1912)
cfn=(16770)
calls=50 1327 
0 900
0 600
cfi=(1912)
cfn=(16770)
calls=50 1327 
0 900
0 31200
cfi=(1912)
cfn=(16770)
calls=50 1327 
0 900
0 800
cfi=(1912)
cfn=(16770)
calls=50 1327 
0 900
0 22350
cfi=(1912)
cfn=(16510)
calls=50 3994 
0 1700
0 600
cfi=(1951)
cfn=(16772)
calls=50 916 
0 459172
0 400
cfi=(1912)
cfn=(16512)
calls=50 4005 
0 1400
0 900

fl=(1939)
fn=(16674) should_lower_int64_intrinsic
1304 450
+1 1935
+42 90
+2 180

fn=(16676) should_lower_int64_alu_instr
1121 2550
+1 14960
+52 2040
+1 1020
+6 1020

fn=(16670) nir_lower_int64
1425 160
+3 80
-2 280
cfi=(1904)
cfn=(16638)
calls=40 2374 
* 178735
+3 80

fn=(16672)
1398 4350
+1 5340
+2 1530
cfi=(1912)
cfn=(16232)
calls=510 2936 
* 6630
* 2550
cfn=(16676)
calls=510 1121 
* 21590
* 510
+2 270
cfi=(1912)
cfn=(16116)
calls=90 2946 
* 1170
* 450
cfn=(16674)
calls=90 -99 
* 2655
* 90
+3 270
+2 1740

fl=(1960)
fn=(16898) tgsi_get_generic_gl_varying_index
37 510
+1 170
+1 170
+1 255
+18 170

fn=(16896)
68 680
+1 340
172 170
+2 170
+4 170
+2 425
cfn=(16898)
calls=85 37 
* 1275
-1 170
+3 85
+2 255

fn=(16900)
194 270
+1 90
+1 50
+1 100
+1 25
+3 40
+2 220
+2 20
+1 10
+2 20
+1 10
+10 90

fl=(1356)
fn=(9760) key_pointer_is_reserved
141 7212
+1 14424
+1 3606

fn=(9780) entry_is_deleted
153 3236
+1 5663
+1 1618

fn=(9772)
580 4614
+1 3076
+1 3845
cfn=(15970)
calls=769 759 
* 14611
* 4614
cfn=(9774) hash_table_insert
calls=769 -21 
* 209557
+1 1538

fn=(16622)
285 1100
+1 440
+5 1320
+3 440
+1 660

fn=(9736)
403 5170
+1 4136
+1 5170
cfn=(15970)
calls=1034 759 
* 19646
* 6204
cfn=(9758) hash_table_search
calls=1034 -38 
* 228566
+1 2068

fn=(9766) entry_is_free
147 5259
+1 8765
+1 3506

fn=(9774)
561 5383
+1 4614
cfn=(9776) hash_table_get_entry
calls=769 -66 
* 190332
* 769
+2 1538
+1 2307
+1 2307
+3 769
+1 1538

fn=(15970)
759 8559
+1 5706
+1 34236
+1 5706

fn=(16376)
801 6160
+1 4620
+1 3080

fn=(9730) _mesa_hash_table_create
193 2280
+6 1520
cfi=(1323)
cfn=(9426)
calls=380 -89 
* 68240
* 380
+1 760
+3 2280
cfn=(9732)
calls=380 -34 
* 49780
+1 380
+1 760

fn=(9732)
169 4655
+1 1995
+1 1330
+1 5985
+1 5985
+1 5985
+1 5985
+1 5985
+1 1995
+1 1995
+1 2660
+1 2660
+1 3990
cob=(2)
cfi=(291)
cfn=(1092)
calls=665 +17 
* 28595
* 665
+1 1330
+1 1330
+1 1995
+1 1995

fn=(9776)
496 4614
+1 769
+2 3845
cfn=(9760)
calls=769 141 
* 10766
* 2307
+2 4614
+2 6921
+4 2307
+1 5383
cfi=(1358)
cfn=(9762)
calls=769 68 
* 36912
* 769
+1 6152
cfi=(1358)
cfn=(9762)
calls=769 68 
* 36912
* 1538
+2 1538
+2 6921
+2 3845
cfn=(9778) entry_is_present
calls=769 159 
* 9313
-2 360
+2 200
cfn=(9778)
calls=40 159 
* 496
* 1618
+2 1358
+1 1358
+1 2037
cfn=(9766)
calls=679 147 
* 6790
* 1358
+15 650
cfn=(9780)
calls=130 153 
* 1690
* 260
+1 260
-1 260
+2 720
cfn=(16376)
calls=90 801 
* 810
-1 180
+2 180
+2 80
+1 120
+1 56
+1 120
-22 679
+24 1358
+1 3395
cfn=(9780)
calls=679 153 
* 8827
* 1358
+2 2037
+1 3395
+1 1358
+7 1538

fn=(16776)
818 900
+1 1080
cfn=(9732)
calls=180 169 
* 23580
+2 540

fn=(16312)
811 1520
+1 2280
cfn=(9730)
calls=380 193 
* 126380
+2 760

fn=(16620)
306 200
+1 80
+3 200
cfn=(16622)
calls=40 -25 
* 720
+1 120
cfi=(1323)
cfn=(11546)
calls=40 -55 
* 4120
* 40
+1 80

fn=(9758)
367 6204
+1 5170
cfn=(9760)
calls=1034 141 
* 14476
* 3102
+2 3102
+1 7238
cfi=(1358)
cfn=(9762)
calls=1034 68 
* 49632
* 1034
+2 2068
-1 6204
cfi=(1358)
cfn=(9762)
calls=1034 68 
* 49632
* 2068
+2 2068
+3 9306
+2 3102
cfn=(9766)
calls=1034 147 
* 10340
-2 360
+2 120
cfn=(9766)
calls=40 147 
* 400
* 2148
+1 188
+1 4900
cfn=(9778)
calls=980 159 
* 17640
* 5880
+1 7520
cfn=(16376)
calls=940 801 
* 8460
* 1880
+1 1880
+4 80
+1 120
+1 56
+1 120
+3 2068

fn=(9778)
159 7156
+1 16715
+1 3578

fl=(1908)
fn=(15940) nir_builder_init_simple_shader
37 600
+3 200
cob=(2)
cfi=(291)
cfn=(1092)
calls=40 198 
* 480
* 40
+1 200
cfi=(1904)
cfn=(15942)
calls=40 202 
* 60331
* 40
+2 80
+2 240
+1 280
cfi=(1323)
cfn=(11444)
calls=40 502 
* 50040
* 40
+4 200
cfi=(1904)
cfn=(15948)
calls=40 621 
* 27478
* 40
+1 80
+1 40
+1 120
cfi=(1904)
cfn=(15952)
calls=40 716 
* 102287
* 40
+1 160
cfi=(1912)
cfn=(15986)
calls=40 4416 
* 3520
* 160
+3 80
+5 80
+1 80
+1 80
+2 440
+1 280

fn=(16094)
469 630
+1 420
cfi=(1912)
cfn=(16096)
calls=105 4424 
* 10710
* 420
+1 420
+1 840
cfi=(1904)
cfn=(16106)
calls=105 1204 
* 14235
-1 485
+3 390
cfi=(1904)
cfn=(16110)
calls=65 1249 
* 22295
-3 80
+3 240
cfi=(1904)
cfn=(16110)
calls=40 1249 
* 13720
+2 210
+1 160
cfi=(1912)
cfn=(16128)
calls=40 4301 
* 480
* 160
+1 420

fn=(16152)
444 6990
+1 8155
cfi=(1904)
cfn=(16110)
calls=1165 1249 
* 550365
+2 6990
+17 4660
cfi=(1912)
cfn=(16128)
calls=1165 4301 
* 13980
* 4660
+1 4660

fn=(16292) nir_builder_alu_instr_finish_and_insert
71 875
+1 1225
+2 1750
+5 700
+1 350
+1 230
+1 625
+1 1875
-2 1325
+6 350
+5 875
cfi=(1921)
cfn=(16294)
calls=175 279 
* 1400
* 175
+1 350
+1 310
+1 4140
+1 2070
cfi=(1921)
cfn=(16294)
calls=345 279 
* 2760
* 690
+1 690
+1 570
+2 465
-6 2845
+15 350
+6 350
+1 4745
+2 112200
-1 16030
-2 3065
+7 1225
cfi=(1904)
cfn=(16092)
calls=175 1703 
* 7525
+3 700
+8 875
cfn=(16152)
calls=175 444 
* 111305
+2 350
+1 350

fn=(16290)
217 1750
+1 875
+1 1050
cfi=(1904)
cfn=(16226)
calls=175 823 
* 148421
* 175
+1 350
+3 350
+1 6205
cfi=(1912)
cfn=(16174)
calls=365 1154 
* 16790
* 2920
-1 3065
+3 875
cfn=(16292)
calls=175 71 
* 285715
+1 1050

fl=(1920)
fn=(16302)
14676 630
+1 225
cfi=(1904)
cfn=(16080)
calls=45 882 
* 19080
* 45
+3 180
+1 270
cfi=(1912)
cfn=(16174)
calls=45 1154 
* 2070
* 360
+1 270
cfi=(1912)
cfn=(16174)
calls=45 1154 
* 2070
* 360
+1 135
+2 225
cfi=(1918)
cfn=(16260)
calls=45 63 
* 1260
+1 225
cfi=(1918)
cfn=(16178)
calls=45 447 
* 1260
+2 225
cfi=(1908)
cfn=(16152)
calls=45 444 
* 23490
+1 45
+1 270

fn=(16256) _nir_build_store_reg
15103 2720
+1 800
cfi=(1904)
cfn=(16080)
calls=160 882 
* 67840
* 160
+3 640
+1 960
cfi=(1912)
cfn=(16174)
calls=160 1154 
* 7360
* 1280
+1 960
cfi=(1912)
cfn=(16174)
calls=160 1154 
* 7360
* 1280
+1 480
+2 800
cfi=(1918)
cfn=(16258)
calls=160 39 
* 4480
+1 800
cfi=(1918)
cfn=(16260)
calls=160 63 
* 4480
+1 960
cfi=(1918)
cfn=(16262)
calls=160 1551 
* 4640
+2 800
cfi=(1908)
cfn=(16152)
calls=160 444 
* 83520
+1 160
+1 960

fn=(16170)
9088 540
+1 225
cfi=(1904)
cfn=(16080)
calls=45 882 
* 18135
* 45
+3 180
+1 405
cfi=(1904)
cfn=(16092)
calls=45 1703 
* 1935
+1 270
cfi=(1912)
cfn=(16174)
calls=45 1154 
* 2070
* 360
+1 225
cfi=(1918)
cfn=(16178)
calls=45 447 
* 1260
+2 225
cfi=(1908)
cfn=(16152)
calls=45 444 
* 22050
+1 90
+1 270

fn=(16280)
11253 2880
+1 800
cfi=(1904)
cfn=(16080)
calls=160 882 
* 64480
* 160
+3 640
+1 1440
cfi=(1904)
cfn=(16092)
calls=160 1703 
* 6880
+1 960
cfi=(1912)
cfn=(16174)
calls=160 1154 
* 7360
* 1280
+1 800
cfi=(1918)
cfn=(16258)
calls=160 39 
* 4480
+1 960
cfi=(1918)
cfn=(16282)
calls=160 1503 
* 4640
+1 960
cfi=(1918)
cfn=(16284)
calls=160 1527 
* 4640
+2 800
cfi=(1908)
cfn=(16152)
calls=160 444 
* 78400
+1 320
+1 960

fl=(1929)
fn=(16520)
153 280
+1 120
cfi=(1912)
cfn=(16510)
calls=40 3994 
* 1360
* 240
+1 200
cfi=(1925)
cfn=(16466)
calls=40 32 
* 42000
-1 120
cfi=(1912)
cfn=(16512)
calls=40 4005 
* 1120
* 480
+3 240
cfi=(1917)
cfn=(16522)
calls=40 257 
* 15400
+2 200

fl=(1930) /home/dudkin.i/mesa/mesa/build/../src/compiler/nir/nir_lower_vars_to_ssa.c
fn=(16544) nir_lower_vars_to_ssa_impl
795 320
+2 160
cfi=(1909)
cfn=(15990)
calls=40 171 
* 440
* 80
+1 120
cfi=(1912)
cfn=(16538)
calls=40 4194 
* 1920
* 40
+95 240

fn=(16542) nir_lower_vars_to_ssa
897 280
+1 40
+2 120
cfi=(1912)
cfn=(16510)
calls=40 3994 
* 1360
* 240
+1 120
cfn=(16544)
calls=40 795 
* 3320
* 200
-1 120
cfi=(1912)
cfn=(16512)
calls=40 4005 
* 1120
* 480
+4 40
+1 200

fl=(1968)
fn=(17102)
886 192
+1 168
cfi=(1969)
cfn=(17104)
calls=24 1490 
* 65880
* 24
+2 24
+1 48

fl=(1953)
fn=(16812)
190 200
+1 300
cfi=(1917)
cfn=(16742)
calls=50 +12 
* 90842
+2 100

fn=(16814)
133 3934
+2 15732
+26 1124
+25 1686

fl=(1903)
fn=(16044) ttn_parse_tgsi
2188 320
+4 200
cfi=(1897)
cfn=(15814)
calls=40 37 
* 1120
* 40
+1 80
+3 1275
cfi=(1897)
cfn=(15820)
calls=425 100 
* 138145
+1 1700
+2 3045
+2 645
cfn=(16046) ttn_emit_declaration
calls=215 200 
* 333939
+1 215
+3 600
cfn=(16136) ttn_emit_instruction
calls=200 1822 
* 1257265
+1 200
+3 30
cfn=(16998) ttn_emit_immediate
calls=10 468 
* 13700
+1 10
-15 30
cfi=(1897)
cfn=(15818)
calls=10 61 
* 170
* 1365
cfi=(1897)
cfn=(15818)
calls=455 61 
* 7735
* 1395
+19 120
cfi=(1897)
cfn=(15888)
calls=40 55 
* 240
+1 240

fn=(16046)
200 1075
+1 645
+1 645
+1 1935
+1 1075
+3 430
+1 200
+19 80
+1 360
cfi=(1917)
cfn=(16078)
calls=60 2099 
* 72840
* 60
+1 900
+1 840
+1 840
-4 400
+7 350
+2 350
+2 350
+2 350
+2 350
+2 260
+1 135
+3 1305
+4 355
+2 10
+1 10
+2 20
+1 20
+3 15
+1 15
+3 90
+1 495
-1 360
+4 255
+2 260
+5 170
+9 260
+1 425
+4 170
+1 510
+1 340
cfi=(1904)
cfn=(16048)
calls=85 -18 
* 48862
* 85
+2 255
+2 85
cfi=(1915)
cfn=(16066)
calls=85 980 
* 425
* 170
+1 170
+3 410
+2 160
+1 200
+1 400
cfi=(1904)
cfn=(16068)
calls=40 -4 
* 42920
+2 200
+1 160
+9 160
+8 160
+11 80
-1 280
cfi=(1916)
cfn=(16070)
calls=40 109 
* 2320
* 40
-1 120
+8 80
+2 240
cfn=(16074) ttn_translate_interp_mode
calls=40 183 
* 800
* 40
-1 280
+3 280
+2 80
+1 600
-1 280
+3 40
+2 180
+1 180
+5 360
cfi=(1917)
cfn=(16078)
calls=45 2099 
* 76537
* 45
+3 225
+1 450
cfi=(1904)
cfn=(16068)
calls=45 -62 
* 48210
+1 90
+2 270
cfn=(16074)
calls=45 183 
* 810
* 45
-1 315
+3 90
-1 90
+1 180
-1 315
+4 225
+1 460
+7 25
+1 50
+4 125
+3 100
+2 25
+3 20
+1 10
cfi=(1915)
cfn=(17064)
calls=10 972 
* 50
* 20
+1 10
+2 20
+1 10
cfi=(1915)
cfn=(17092)
calls=10 985 
* 50
* 20
+1 10
+28 90
+7 450
+1 450
+3 315
+2 270
+5 90
+1 675
-1 315
+3 45
+11 510
cfi=(1904)
cfn=(16076)
calls=85 236 
* 9590
+2 255
290 680
464 645

fn=(16138) ttn_get_src
790 2150
+1 645
+1 430
+1 1505
+1 1075
cfi=(1893)
cfn=(16140)
calls=215 230 
* 64995
* 215
+2 430
-1 250
+1 620
-1 120
+5 300
cob=(2)
cfi=(291)
cfn=(1092)
calls=60 198 
* 720
* 60
-5 310
+5 775
cob=(2)
cfi=(291)
cfn=(1092)
calls=155 198 
* 1860
* 155
+2 1075
+2 1075
+1 510
-1 340
+2 510
-1 340
+5 225
+1 90
+2 170
+1 170
+1 170
+1 850
+2 850
+5 170
+2 680
-2 170
+1 510
-1 1530
cfn=(16144) ttn_src_for_file_and_index
calls=170 549 
* 298249
* 1530
+7 680
+1 680
+1 850
+1 850
+2 3060
cfi=(1917)
cfn=(16186)
calls=170 710 
* 45760
* 340
+2 510
cfi=(1916)
cfn=(16188)
calls=170 104 
* 2040
* 340
+3 850
+5 850
+7 170
+1 1290

fn=(16296) ttn_add_output_stores
2116 160
+1 120
+2 80
+1 360
+1 90
+4 1440
cfi=(1920)
cfn=(16280)
calls=45 11253 
* 51705
* 45
+3 675
+1 225
+5 180
+1 60
cfi=(1917)
cfn=(17066)
calls=10 868 
* 13560
* 20
+1 140
+1 60
cfi=(1917)
cfn=(17066)
calls=10 868 
* 13560
* 20
+1 100
+19 270
+21 225
cfi=(1917)
cfn=(16146)
calls=45 1683 
* 38925
* 270
cfi=(1917)
cfn=(16298)
calls=45 1958 
* 54990
* 45
-59 555
+62 160

fn=(16040) ttn_get_depth_layout
164 160
+1 560
+2 80
+12 80

fn=(15904)
2637 400
+1 40
+2 40
+4 80
+4 80
+9 80
+4 40
cfi=(1904)
cfn=(15906)
calls=40 131 
* 1200
+3 320
+7 200
cfn=(15912) ttn_compile_init
calls=40 2243 
* 5704285
* 40
+1 120
+1 200
cfn=(16504) ttn_finalize_nir
calls=40 2530 
* 11899186
+1 120
cfi=(1323)
cfn=(11546)
calls=40 256 
* 29370
+2 320
+5 80
+3 40
+1 200

fn=(16036) ttn_read_pipe_caps
2220 160
+1 160
+1 160
+1 160
+1 160
+1 440
+2 80
-1 80
+2 120

fn=(16254) ttn_get_var
773 800
+1 320
+1 960
+2 800
+2 1265
+1 575
+1 1150
+3 45
+1 320

fn=(16288) ttn_alu
857 805
+1 690
cfi=(1908)
cfn=(16290)
calls=115 217 
* 202835
* 115
+1 460
+2 575
+1 230
+14 115
+1 230

fn=(16144)
549 3060
+1 510
+3 850
cob=(2)
cfi=(291)
cfn=(1092)
calls=170 198 
* 2040
* 170
+2 2750
+2 1265
+8 230
+1 1495
cfi=(1917)
cfn=(16264)
calls=115 2116 
* 156055
* 575
cfi=(1912)
cfn=(16174)
calls=115 1154 
* 5290
* 920
+2 230
+9 100
cfi=(1912)
cfn=(16174)
calls=10 1154 
* 460
* 80
+1 20
+1 20
+64 225
+1 180
-1 90
+4 225
+1 180
-1 90
+4 225
+1 180
-1 90
+6 90
+2 225
-1 270
cfi=(1917)
cfn=(16146)
calls=45 1683 
* 60849
* 45
+2 270
cfi=(1917)
cfn=(16158)
calls=45 1941 
* 54000
* 225
cfi=(1912)
cfn=(16174)
calls=45 1154 
* 2070
* 45
-91 230
+11 10
752 90
+1 30
-1 1035
+1 1160

fn=(16192) ttn_tex
1167 405
+1 135
+1 135
+3 45
+2 2335
+25 25
+1 25
+1 25
+8 80
+1 40
-1 40
+4 20
+2 20
+1 20
+23 180
+1 90
-1 90
+2 90
-1 90
+2 90
-1 90
+2 90
-1 90
+2 90
-1 90
+2 90
-1 90
+6 45
+2 225
+2 270
cfi=(1904)
cfn=(16194)
calls=45 954 
* 33075
* 45
+1 135
+1 90
+2 495
cfn=(16196) get_texture_info
calls=45 984 
* 3395
+4 180
cfi=(1322)
cfn=(16198)
calls=45 3419 
* 1014
* 45
-1 90
+3 180
+3 405
+6 450
+3 360
-1 135
+3 90
+3 135
+4 135
cfn=(16200) base_type_for_alu_type
calls=45 1068 
* 1240
* 45
+2 90
-2 45
+1 90
-1 540
cfn=(16204) get_sampler_var
calls=45 1090 
* 32340
* 90
+6 225
cfi=(1917)
cfn=(16146)
calls=45 1683 
* 38925
* 45
+2 45
+2 675
cfi=(1917)
cfn=(16212)
calls=45 2143 
* 4005
* 450
+2 45
+1 675
cfi=(1917)
cfn=(16212)
calls=45 2143 
* 4005
* 450
+2 45
+3 360
cfi=(1917)
cfn=(16214)
calls=45 1565 
* 75303
* 45
-1 360
+1 225
cfi=(1917)
cfn=(16212)
calls=45 2143 
* 4005
* 450
+2 45
+2 225
+6 225
+6 225
+6 225
+1 135
-1 90
+2 125
+1 100
cfi=(1917)
cfn=(16234)
calls=25 479 
* 30352
* 325
cfi=(1912)
cfn=(16174)
calls=25 1154 
* 1150
* 225
+3 225
+1 25
+3 225
+6 225
+1 135
-1 90
+2 40
+4 100
+1 80
cfi=(1917)
cfn=(16234)
calls=20 479 
* 24582
* 260
cfi=(1912)
cfn=(16174)
calls=20 1154 
* 920
* 180
+3 180
+2 20
+3 225
+11 225
+7 180
+12 360
+25 135
+1 180
+2 135
cfi=(1912)
cfn=(16246)
calls=45 2623 
* 2835
* 315
cfi=(1904)
cfn=(16092)
calls=45 1703 
* 1935
+2 225
cfi=(1908)
cfn=(16152)
calls=45 444 
* 36405
+1 315
cfi=(1917)
cfn=(16252)
calls=45 1603 
* 1305
+1 270

fn=(16200)
1068 225
+1 135
cfi=(1921)
cfn=(16202)
calls=45 285 
* 360
* 45
+2 295
+2 30
+2 20
+2 40
+4 90

fn=(16504)
2530 320
+1 120
+2 120
cfi=(1315)
cfn=(11654)
calls=40 151 
* 320
* 40
+2 120
cfi=(1912)
cfn=(16506)
calls=40 4837 
* 600
* 840
cfi=(1925)
cfn=(16508)
calls=40 163 
* 4200
* 120
cfi=(1912)
cfn=(16514)
calls=40 4854 
* 1040
* 280
cfi=(1927)
cfn=(16516)
calls=40 2383 
* 1080
* 120
cfi=(1928)
cfn=(16518)
calls=40 301 
* 80080
* 680
cfi=(1927)
cfn=(16540)
calls=40 2395 
* 1000
* 560
+1 120
cfi=(1912)
cfn=(16506)
calls=40 4837 
* 600
* 840
cfi=(1925)
cfn=(16508)
calls=40 163 
* 4200
* 120
cfi=(1912)
cfn=(16514)
calls=40 4854 
* 1040
* 280
cfi=(1927)
cfn=(16516)
calls=40 2383 
* 1080
* 120
cfi=(1930)
cfn=(16542)
calls=40 897 
* 7640
* 680
cfi=(1927)
cfn=(16540)
calls=40 2395 
* 1000
* 560
+1 120
cfi=(1912)
cfn=(16506)
calls=40 4837 
* 600
* 840
cfi=(1925)
cfn=(16508)
calls=40 163 
* 4200
* 120
cfi=(1912)
cfn=(16514)
calls=40 4854 
* 1040
* 280
cfi=(1927)
cfn=(16516)
calls=40 2383 
* 1080
* 120
cfi=(1931)
cfn=(16546)
calls=40 178 
* 1535364
* 280
cfi=(1922)
cfn=(16304)
calls=40 2265 
* 2156063
* 160
cfi=(1912)
cfn=(16514)
calls=40 4854 
* 1040
* 200
cfi=(1925)
cfn=(16610)
calls=40 178 
* 4160
* 280
cfi=(1927)
cfn=(16540)
calls=40 2395 
* 1000
* 600
+2 120
cfi=(1912)
cfn=(16506)
calls=40 4837 
* 600
* 840
cfi=(1925)
cfn=(16508)
calls=40 163 
* 4200
* 120
cfi=(1912)
cfn=(16514)
calls=40 4854 
* 1040
* 280
cfi=(1927)
cfn=(16516)
calls=40 2383 
* 1080
* 120
cfi=(1934)
cfn=(16612)
calls=40 66 
* 68940
* 680
cfi=(1927)
cfn=(16540)
calls=40 2395 
* 1000
* 560
+1 120
cfi=(1912)
cfn=(16506)
calls=40 4837 
* 600
* 840
cfi=(1925)
cfn=(16508)
calls=40 163 
* 4200
* 120
cfi=(1912)
cfn=(16514)
calls=40 4854 
* 1040
* 280
cfi=(1927)
cfn=(16516)
calls=40 2383 
* 1080
* 120
cfi=(1935)
cfn=(16624)
calls=40 105 
* 49350
* 680
cfi=(1927)
cfn=(16540)
calls=40 2395 
* 1000
* 560
+1 120
cfi=(1912)
cfn=(16506)
calls=40 4837 
* 600
* 840
cfi=(1925)
cfn=(16508)
calls=40 163 
* 4200
* 120
cfi=(1912)
cfn=(16514)
calls=40 4854 
* 1040
* 280
cfi=(1927)
cfn=(16516)
calls=40 2383 
* 1080
* 120
cfi=(1936)
cfn=(16632) nir_lower_var_copies
calls=40 137 
* 49330
* 680
cfi=(1927)
cfn=(16540)
calls=40 2395 
* 1000
* 560
+1 120
cfi=(1912)
cfn=(16506)
calls=40 4837 
* 600
* 840
cfi=(1925)
cfn=(16508)
calls=40 163 
* 4200
* 120
cfi=(1912)
cfn=(16514)
calls=40 4854 
* 1040
* 280
cfi=(1927)
cfn=(16516)
calls=40 2383 
* 1080
* 120
cfi=(1937)
cfn=(16636) nir_lower_system_values
calls=40 362 
* 176010
* 680
cfi=(1927)
cfn=(16540)
calls=40 2395 
* 1000
* 560
+1 120
cfi=(1912)
cfn=(16506)
calls=40 4837 
* 600
* 840
cfi=(1925)
cfn=(16508)
calls=40 163 
* 4200
* 120
cfi=(1912)
cfn=(16514)
calls=40 4854 
* 1040
* 280
cfi=(1927)
cfn=(16516)
calls=40 2383 
* 1080
* 160
cfi=(1937)
cfn=(16656) nir_lower_compute_system_values
calls=40 805 
* 1520
* 680
cfi=(1927)
cfn=(16540)
calls=40 2395 
* 1000
* 560
+2 200
+6 200
+6 200
+1 120
cfi=(1912)
cfn=(16506)
calls=40 4837 
* 600
* 840
cfi=(1925)
cfn=(16508)
calls=40 163 
* 4200
* 120
cfi=(1912)
cfn=(16514)
calls=40 4854 
* 1040
* 280
cfi=(1927)
cfn=(16516)
calls=40 2383 
* 1080
* 520
cfi=(1938)
cfn=(16660)
calls=40 120 
* 77310
* 680
cfi=(1927)
cfn=(16540)
calls=40 2395 
* 1000
* 560
+2 200
+1 120
cfi=(1912)
cfn=(16506)
calls=40 4837 
* 600
* 840
cfi=(1925)
cfn=(16508)
calls=40 163 
* 4200
* 120
cfi=(1912)
cfn=(16514)
calls=40 4854 
* 1040
* 280
cfi=(1927)
cfn=(16516)
calls=40 2383 
* 1080
* 120
cfi=(1939)
cfn=(16670)
calls=40 1425 
* 179335
* 680
cfi=(1927)
cfn=(16540)
calls=40 2395 
* 1000
* 560
+2 200
+1 120
cfi=(1912)
cfn=(16506)
calls=40 4837 
* 600
* 840
cfi=(1925)
cfn=(16508)
calls=40 163 
* 4200
* 120
cfi=(1912)
cfn=(16514)
calls=40 4854 
* 1040
* 280
cfi=(1927)
cfn=(16516)
calls=40 2383 
* 1080
* 120
cfi=(1940)
cfn=(16678)
calls=40 146 
* 160730
* 280
cfi=(1922)
cfn=(16304)
calls=40 2265 
* 2041389
* 160
cfi=(1912)
cfn=(16514)
calls=40 4854 
* 1040
* 200
cfi=(1925)
cfn=(16610)
calls=40 178 
* 4160
* 280
cfi=(1927)
cfn=(16540)
calls=40 2395 
* 1000
* 600
+2 160
+1 320
cfi=(1342)
cfn=(16696)
calls=40 505 
* 2833595
* 40
+4 120
cfi=(1912)
cfn=(16824)
calls=40 4041 
* 2000
* 200
cfi=(1955)
cfn=(16826)
calls=40 1002 
* 316325
+2 200
+1 200
+2 200
cfi=(1922)
cfn=(16304)
calls=40 2265 
* 2031805
-43 120
cfi=(1315)
cfn=(11794)
calls=40 194 
* 240
+44 240

fn=(16998)
468 40
+1 30
+1 30
+4 60
cfi=(1904)
cfn=(16242)
calls=10 870 
* 9330
* 10
+1 100
+1 50
+2 20
+1 360
-1 290
+3 50
cfi=(1908)
cfn=(16152)
calls=10 -37 
* 3300
+1 30

fn=(16196)
984 315
+1 90
+1 90
+2 90
+1 90
+2 2450
+44 32
+1 16
+2 36
+1 18
+15 22
+1 11
+9 135

fn=(16136)
1822 1800
+1 600
+1 600
+2 1200
+1 600
+2 400
+4 320
+1 2365
cfn=(16138)
calls=215 790 
* 444099
* 430
-1 2840
+4 640
cfi=(1893)
cfn=(16190)
calls=160 315 
* 33275
* 160
+6 480
cfi=(1916)
cfn=(16188)
calls=160 104 
* 1920
* 480
+5 160
+2 21795
1966 225
cfn=(16192)
calls=45 1167 
* 316201
* 45
+1 45
+77 690
+1 1035
cfn=(16288)
calls=115 857 
* 206055
* 230
+6 115
+3 320
+3 800
+3 640
+2 640
+3 640
+3 800
cfn=(16254)
calls=160 773 
* 6235
* 160
+1 320
+8 960
+1 160
+1 160
+2 800
+1 1265
+1 575
+2 1150
+1 1265
+1 225
+1 450
+1 495
+6 800
+5 4320
cfi=(1920)
cfn=(16256)
calls=160 15103 
* 193440
* 160
1830 80
2104 1600

fn=(16204)
1090 540
+1 270
+1 90
+2 270
cfi=(1322)
cfn=(16206)
calls=45 834 
* 2185
* 45
+1 315
cfi=(1904)
cfn=(16208)
calls=45 392 
* 25335
* 45
+2 135
+1 180
+2 270
+1 405
+3 810
+1 140
+1 360
+1 360
+3 20
+1 40
-4 450
+3 25
+1 50

fn=(15912)
2243 400
+6 160
+1 120
cfi=(1323)
cfn=(11434)
calls=40 151 
* 16546
* 40
+2 200
cfi=(1905)
cfn=(15914)
calls=40 592 
* 491711
+1 120
+2 80
+1 240
+3 120
-1 400
cfi=(1908)
cfn=(15940)
calls=40 37 
* 247736
* 400
+3 120
+1 240
cfi=(1913)
cfn=(15998)
calls=40 39 
* 628840
+2 80
+1 200
cfn=(16036)
calls=40 -45 
* 1520
* 40
+7 160
+1 160
+2 200
+1 200
+1 200
+1 120
cfi=(1324)
cfn=(16038)
calls=40 253 
* 320
* 120
+1 160
cfi=(1324)
cfn=(16038)
calls=40 253 
* 320
* 120
+1 120
cfi=(1324)
cfn=(16038)
calls=40 253 
* 320
* 120
+1 240
cob=(2)
cfi=(291)
cfn=(1092)
calls=40 198 
* 520
* 40
* 120
+1 240
cob=(2)
cfi=(291)
cfn=(1092)
calls=40 198 
* 520
* 40
* 120
+1 240
cob=(2)
cfi=(291)
cfn=(1092)
calls=40 198 
* 520
* 40
* 120
+1 120
cfi=(1324)
cfn=(16038)
calls=40 253 
* 520
* 120
+1 240
cob=(2)
cfi=(291)
cfn=(1092)
calls=40 198 
* 440
* 40
* 120
+1 240
cob=(2)
cfi=(291)
cfn=(1092)
calls=40 198 
* 440
* 40
+1 240
cob=(2)
cfi=(291)
cfn=(1092)
calls=40 198 
* 600
* 40
* 120
+1 80
+3 160
+2 80
+1 4640
+2 34040
+4 160
+1 400
+1 40
+2 160
+1 400
+1 40
+2 160
+1 120
cfn=(16040)
calls=40 164 
* 880
* 320
+1 40
+2 160
+4 160
+1 40
+2 160
+4 160
+4 160
+4 160
+4 160
+4 360
+1 40
+2 160
+1 40
+2 1280
-47 80
+4 80
+4 80
+4 80
+4 80
+7 80
+4 80
+4 80
+4 80
+4 40
-44 3560
+60 440
+2 160
+6 240
cfi=(1323)
cfn=(16042)
calls=40 228 
* 9459
* 120
+1 240
cfi=(1323)
cfn=(16042)
calls=40 228 
* 11067
* 120
+2 280
cfi=(1323)
cfn=(16042)
calls=40 228 
* 8805
* 120
+2 280
cfi=(1323)
cfn=(16042)
calls=40 228 
* 8832
* 120
+2 280
cfi=(1323)
cfn=(16042)
calls=40 228 
* 10666
* 120
+3 200
+1 240
cfi=(1323)
cfn=(16042)
calls=40 228 
* 14603
* 120
+2 200
cfn=(16044)
calls=40 2188 
* 1763824
+1 120
cfn=(16296)
calls=40 2116 
* 178040
+2 240
cfi=(1922)
cfn=(16304)
calls=40 2265 
* 2247956
+2 40
+1 240

fn=(16074)
183 340
+1 930
+2 90
+2 80
+8 170

fl=(1962)
fn=(16956)
44 200
+3 120
cob=(2)
cfi=(193)
cfn=(1126)
calls=40 3919 
* 162384
* 40
* 40
+1 80
+1 3080
+1 160
+1 280
cfi=(1905)
cfn=(15914)
calls=40 592 
* 491711
* 40
+5 40
+1 80

fl=(1894)
fn=(15758)
642 400
+3 800
+1 600
+1 800
+1 600
+1 800
+1 800
+1 600
+1 600
+1 600
+1 600
+1 600
+2 200
+1 400

fl=(1324)
fn=(16038)
253 240
+2 640
+15 160
-17 240
+2 640
+15 160
-17 480
+2 680
+15 320

fn=(16218)
270 135
fi=(1921)
+3 90
-2 90
+2 135
+2 90
fe=(1324)

fn=(16500) util_is_power_of_two_or_zero
144 510
+1 850
+1 340

fn=(9430)
190 16131
+1 53770
+1 10754

fn=(11638)
201 4440
+1 14800
+1 2960

fn=(16654)
338 720
+2 540
cob=(15)
cfi=(1515)
cfn=(11394)
calls=180 823 
* 3780
* 180
+16 360
-18 180
+2 135
cob=(15)
cfi=(1515)
cfn=(11394)
calls=45 823 
* 945
* 45
+16 90
-18 220
+2 165
cob=(15)
cfi=(1515)
cfn=(11394)
calls=55 823 
* 1155
* 55
+16 110

fn=(9670)
166 606
+13 2020
+2 404
-15 840
+13 2800
+2 560
-15 2670
+13 8900
+2 1780

fn=(15930) u_bit_consecutive
317 450
+1 450
+1 180
+2 900
+1 180

fn=(16964) util_bitcount64
380 160
+2 80
cob=(15)
cfi=(1515)
cfn=(11394)
calls=40 823 
* 840
* 40
+6 80

fl=(1448) /home/dudkin.i/mesa/mesa/build/../src/gallium/drivers/llvmpipe/lp_cs_tpool.c
fn=(10754) lp_cs_tpool_worker

fl=(1927)
fn=(16516)
2383 8080
+1 8080
+1 4040
+6 7070

fn=(16540)
2395 11110
+1 8080
+1 1010
+14 5050

fl=(1936)
fn=(16634)
118 540
+1 360
+1 180
+10 180

fn=(16632)
137 160
+1 160
+2 240
cfi=(1917)
cfn=(16626)
calls=40 +47 
* 48690
+3 80

fl=(1945)
fn=(16726)
600 400
+1 280
+5 200
cfi=(1946)
cfn=(16728)
calls=40 44 
* 4928
* 80
+3 120
cfi=(1912)
cfn=(16510)
calls=40 3994 
* 1360
* 240
+1 240
cfn=(16730) lower_flrp_impl
calls=40 -43 
* 50330
-1 120
cfi=(1912)
cfn=(16512)
calls=40 4005 
* 1120
* 480
+7 120
cfi=(1947)
cfn=(16732)
calls=40 68 
* 640
* 120
+3 520
+3 120
cfi=(1947)
cfn=(16734)
calls=40 89 
* 2044
+2 160
+2 40
+1 200

fn=(16730)
567 440
+1 200
cfi=(1917)
cfn=(16524)
calls=40 52 
* 2080
+1 40
+2 120
cfi=(1912)
cfn=(16350)
calls=40 3672 
* 280
* 80
+1 160
cfi=(1909)
cfn=(16134)
calls=40 124 
* 360
* 520
cfi=(1909)
cfn=(16134)
calls=40 124 
* 360
* 280
+1 3480
+1 1530
cfi=(1912)
cfn=(16232)
calls=510 2936 
* 6630
* 510
+2 2040
-4 10120
cfi=(1909)
cfn=(16134)
calls=830 124 
* 7470
* 7590
-1 120
cfi=(1904)
cfn=(16526)
calls=40 1933 
* 3840
* 200
+13 200
cfi=(1925)
cfn=(16528)
calls=40 73 
* 1440
+1 240

fl=(1890)
fn=(15728)
206 200
+5 80
+3 200
cfn=(15730) util_bitmask_resize
calls=40 92 
* 720
* 120
+3 120
+1 120
+1 240
+2 520
+2 200
cfn=(15732) util_bitmask_filled_set
calls=40 -84 
* 1320
+2 40
+1 80

fn=(15736) util_bitmask_filled_unset
156 300
+1 360
+1 240
+2 240
+2 180

fn=(15730)
92 200
+1 120
+5 80
+3 160
+1 80
+28 80

fn=(15724)
321 240
+1 240
cfn=(15726)
calls=60 -40 
* 441660
+1 120

fn=(16974)
328 480
+1 240
+1 480
cob=(2)
cfi=(193)
cfn=(1006)
calls=120 3516 
* 5219
* 120
+1 360
cob=(2)
cfi=(193)
cfn=(1006)
calls=120 3516 
* 10120
* 120
+2 360

fn=(15734)
232 300
+5 120
+2 240
+3 180
+1 180
+1 360
+2 960
+2 300
cfn=(15736)
calls=60 -92 
* 1320
* 60
+1 120

fn=(15800)
255 300
+1 180
+1 180
+1 360
+2 120
+2 240
+5 240
+3 540
+5 60
+1 120

fn=(15696)
65 360
+3 240
cob=(2)
cfi=(193)
cfn=(974)
calls=120 3480 
* 3960
* 120
* 120
+1 240
+4 360
cob=(2)
cfi=(193)
cfn=(1126)
calls=120 3919 
* 6360
* 120
* 120
-1 240
+2 480
+5 240
+1 240
+2 120
+1 240

fn=(15726)
282 500
+1 300
+1 300
+1 600
+2 400
+5 400
+7 460440
+7 51160
+1 51160
+1 51160
-10 105520
+12 1600
+1 1600
+1 1600
-15 8500
+18 100
+1 200

fn=(15732)
139 200
+1 240
+1 160
+2 160
+1 200
+1 240
+2 120

fl=(1896)
fn=(15812)
35 320
+3 200
cfi=(1897)
cfn=(15814)
calls=40 -1 
* 1120
* 80
+3 120
+2 160
+1 200
cfi=(1895)
cfn=(15816)
calls=40 502 
* 720
* 120
+3 40
+1 1275
cfi=(1897)
cfn=(15820)
calls=425 +52 
* 138145
+2 4745
+2 800
+1 1600
cfi=(1895)
cfn=(15856)
calls=200 311 
* 335079
* 600
+5 860
+1 1720
cfi=(1895)
cfn=(15826)
calls=215 395 
* 148521
* 645
+5 40
+1 80
cfi=(1895)
cfn=(16994)
calls=10 454 
* 3866
* 30
-10 400
+6 430
+6 20
-20 1395
cfi=(1897)
cfn=(15818)
calls=465 +14 
* 7905
* 1395
+33 160
+1 200
cfi=(1895)
cfn=(15872)
calls=40 513 
* 95787
* 120
+3 120
cfi=(1897)
cfn=(15888)
calls=40 -29 
* 240
+1 80
+5 200

fl=(1885)
fn=(15682)
213 180
+1 135
cfi=(1886)
cfn=(15684)
calls=45 53558 
* 675
* 45
+3 135
cfi=(1887)
cfn=(15686)
calls=45 1323 
* 1755
* 45
+1 90
+3 630
+1 50
-1 20
+1 40

fn=(15688)
200 140
+1 105
cfi=(1886)
cfn=(15684)
calls=35 53558 
* 525
* 35
+3 105
cfi=(1887)
cfn=(15686)
calls=35 1323 
* 1365
* 35
+1 70
+3 530
+1 30
-1 20
+1 40

fl=(1906)
fn=(15926) tgsi_is_shadow_target
448 540
+1 1620
+10 180
+2 360

fn=(15924) tgsi_util_get_texture_coord_dim
360 720
+25 6936
+12 88
+7 272
+8 360

fn=(15922) tgsi_util_get_src_usage_mask
85 7310
+4 65040
212 540
cfn=(15924)
calls=180 360 
* 8376
-1 180
+5 540
cfn=(15926)
calls=180 448 
* 2700
* 360
+5 360
+4 540
cfi=(1907)
cfn=(15928)
calls=180 90 
* 3780
* 360
+3 360
+2 180
+2 1260
+2 180
+3 360
cfi=(1324)
cfn=(15930)
calls=90 +80 
* 2160
* 180
+2 180
+3 360
+1 180
+1 180
+6 180
+2 360
+1 180
+1 180
-7 180
+10 180
+61 750
cfi=(1893)
cfn=(15752)
calls=250 55 
* 8000
* 1000
+2 500
+3 250
-59 180
+62 180
+1 720
-1 250
+1 1000
+1 2340
+1 1720
+1 2460
+1 1720
+1 1656
+1 1720
+1 1020
+2 170
+1 340
-1 260
+1 520

fn=(15920)
342 2150
+8 1720
-7 430
+6 860
-6 430
+5 3440
-5 430
+4 3440
-4 430
+3 3010
-3 430
+2 3010
-2 430
+1 1290
-1 6450
cfn=(15922)
calls=430 85 
* 123682
* 430
+8 860

fl=(1922)
fn=(16344) validate_block
1415 1020
+1 2210
cfn=(16320) validate_assert_impl
calls=170 115 
* 2890
+2 510
+2 680
cfi=(1909)
cfn=(16316)
calls=170 315 
* 69224
+1 680
cfi=(1909)
cfn=(16134)
calls=170 124 
* 1530
* 1190
+1 14808
+5 18510
cfn=(16346) validate_instr
calls=3702 1222 
* 4446042
-6 14808
cfi=(1909)
cfn=(16134)
calls=3702 124 
* 33318
* 33148
+9 1870
cfn=(16320)
calls=170 115 
* 2890
+1 2210
cfn=(16320)
calls=170 115 
* 2890
+1 850
cfn=(16442) validate_block_predecessors
calls=170 -47 
* 206132
+2 1020
+2 510
cfi=(1912)
cfn=(16452)
calls=170 3261 
* 11900
* 510
+1 510
cfi=(1912)
cfn=(16456)
calls=170 3684 
* 5610
* 170
+1 340
+1 850
+26 2380
cfn=(16320)
calls=170 115 
* 2890
+1 1870
cfn=(16320)
calls=170 115 
* 2890
+1 170
+23 680

fn=(16380) src_parent_instr_safe
153 2240
+1 2240
+1 2240
+1 560
+1 1120

fn=(16408) validate_alu_instr
244 8960
+1 19712
cfn=(16320)
calls=1792 115 
* 30464
+2 1792
+1 3584
+1 26334
+1 45486
cfi=(1912)
cfn=(16230)
calls=2394 1164 
* 16758
* 4788
+1 7182
cfi=(1921)
cfn=(16294)
calls=2394 +28 
* 19152
* 4788
+2 4788
+1 6020
cfn=(16320)
calls=602 115 
* 10234
* 602
+2 3584
+3 5376
cfi=(1921)
cfn=(16202)
calls=1792 +26 
* 14336
* 1806
cfi=(1921)
cfn=(16202)
calls=602 +26 
* 4816
* 4788
+2 2352
cfn=(16320)
calls=168 115 
* 2856
+9 11970
+7 2394
+3 14364
cfn=(16410) validate_alu_src
calls=2394 -70 
* 694954
-32 48440
+35 16128
+1 7168
+1 5376
cfi=(1921)
cfn=(16294)
calls=1792 -6 
* 14336
* 3584
+1 252
cfi=(1921)
cfn=(16294)
calls=84 -7 
* 672
* 756
cfn=(16320)
calls=84 115 
* 1428
* 84
+1 3416
+1 17080
cfn=(16320)
calls=1708 115 
* 29036
+5 5376
cfi=(1921)
cfn=(16202)
calls=1792 -8 
* 14336
* 3584
+2 1176
cfn=(16320)
calls=84 115 
* 1428
+4 10752
cfn=(16356) validate_def
calls=1792 -74 
* 707787
+1 5376

fn=(16462) validate_metadata_and_ssa_dominance
2119 850
+5 850
+1 650
cfn=(16608) validate_block_index
calls=130 1745 
* 24050
+2 850
+4 850
cfn=(16464) validate_dominance
calls=170 1790 
* 2682441
+2 850
+3 850
+3 850
+3 850
+2 340

fn=(16324) validate_function_impl
2148 850
+1 2040
cfn=(16320)
calls=170 115 
* 2890
+1 1870
cfn=(16320)
calls=170 115 
* 2890
+2 680
+5 850
cfi=(1909)
cfn=(15990)
calls=170 171 
* 1870
* 1190
cfn=(16320)
calls=170 115 
* 2890
+1 2040
cfn=(16320)
calls=170 115 
* 2890
+1 2040
cfn=(16320)
calls=170 115 
* 2890
+2 510
+1 510
+2 680
cfi=(1909)
cfn=(16316)
calls=170 315 
* 6290
+1 680
cfi=(1909)
cfn=(16134)
calls=170 124 
* 1530
* 1190
+4 2380
cfi=(1323)
cfn=(16326)
calls=170 237 
* 43743
* 340
+2 1870
cob=(2)
cfi=(291)
cfn=(1092)
calls=170 198 
* 2492
* 170
+2 850
cfi=(1911)
cfn=(16330)
calls=170 299 
* 13600
+1 1190
cfi=(1911)
cfn=(16334)
calls=170 441 
* 159460
+1 680
+1 1020
cfn=(16340) collect_blocks
calls=170 1304 
* 74630
* 170
+3 1190
cfi=(1911)
cfn=(15968)
calls=170 549 
* 51610
+1 680
cfi=(1909)
cfn=(15990)
calls=170 171 
* 1870
* 2210
cfn=(16320)
calls=170 115 
* 2890
+1 680
cfi=(1909)
cfn=(16134)
calls=170 124 
* 1530
* 1190
+1 850
cfn=(16342) validate_cf_node
calls=170 1578 
* 4901270
-1 680
cfi=(1909)
cfn=(16134)
calls=170 124 
* 1530
* 1360
+3 1020
cfn=(16458) validate_end_block
calls=170 1494 
* 183260
+5 1870
cfn=(16320)
calls=170 115 
* 2890
+3 680
cfi=(1924)
cfn=(16460)
calls=170 107 
* 1190
* 340
+1 850
cfn=(16462)
calls=170 -74 
* 2714281
+1 510

fn=(16356)
225 16760
+1 46928
cfn=(16320)
calls=3352 115 
* 56984
+1 83800
cfn=(16320)
calls=3352 115 
* 56984
+1 80448
+2 23464
cfn=(16354) validate_num_components
calls=3352 126 
* 157544
+2 10056
cfi=(1317)
cfn=(16358)
calls=3352 -57 
* 235016
+1 16760
+2 44044
cfn=(16320)
calls=4004 115 
* 68068
+3 20020
cfn=(16360) tag_src
calls=4004 138 
* 204204
-5 16016
cfi=(1317)
cfn=(9838)
calls=4004 128 
* 84084
* 24024
cfi=(1317)
cfn=(9840)
calls=4004 123 
* 36036
* 60804
+7 13408

fn=(16360)
138 20020
+4 52052
cfn=(16320)
calls=4004 -27 
* 68068
* 8008
+1 24024
+1 20020
+2 12012

fn=(16410)
210 14364
+1 21546
+2 11970
cfi=(1904)
cfn=(16412)
calls=2394 3201 
* 56898
* 2394
+1 28728
cfi=(1912)
cfn=(16398)
calls=2394 1170 
* 16758
* 4788
+2 4788
+1 60892
cfn=(16320)
calls=4684 115 
* 79628
-1 25918
+4 11970
cfn=(16402) validate_src
calls=2394 -34 
* 347130
+1 7182

fn=(16414) validate_load_const_instr
1128 1200
+1 1440
cfn=(16356)
calls=240 225 
* 90000
+2 480
+1 5460
cfn=(16416) validate_const_value
calls=390 -37 
* 39876
-1 3540
+2 960

fn=(16490)
1699 24024
+1 8008
+2 16016
cfi=(1912)
cfn=(16492)
calls=4004 2887 
* 76076
* 16016
cfi=(1912)
cfn=(16406)
calls=4004 1063 
* 88088
* 12012
+1 60060
cfn=(16320)
calls=4004 115 
* 68068
+1 100100
cfn=(16320)
calls=4004 115 
* 68068
* 4004
+6 4004
+1 12012

fn=(16502) destroy_validate_state
2223 680
+1 680
cfi=(1323)
cfn=(11546)
calls=170 256 
* 75849
+1 510

fn=(16320)
115 694773
+1 385985
+2 77197
+1 154394

fn=(16322) validate_function
2198 850
+1 680
+1 2040
cfn=(16320)
calls=170 115 
* 2890
+1 1020
cfn=(16324)
calls=170 -53 
* 8218296
+2 510

fn=(16340)
1304 850
+17 510
cfi=(1909)
cfn=(16316)
calls=170 315 
* 9180
+1 680
cfi=(1909)
cfn=(16134)
calls=170 124 
* 1530
* 1190
+1 1360
+2 510
cfi=(1912)
cfn=(15994)
calls=170 3714 
* 2210
* 1020
cfi=(1911)
cfn=(15968)
calls=170 549 
* 51170
+1 170
-4 680
cfi=(1909)
cfn=(16134)
calls=170 124 
* 1530
* 1360
+20 680

fn=(16348) validate_intrinsic_instr
500 7245
+1 805
+1 3220
+3 50340
+2 630
cfi=(1912)
cfn=(16350)
calls=105 3672 
* 735
* 210
+7 320
-2 160
+1 320
-1 2560
cfn=(16436) validate_register_handle
calls=160 -29 
* 33760
* 160
+3 160
+4 1920
cfi=(1912)
cfn=(16230)
calls=160 1164 
* 1120
* 2240
cfi=(1912)
cfn=(16398)
calls=160 1170 
* 1120
* 2880
cfn=(16436)
calls=160 -36 
* 33760
* 160
+3 160
+22 2280
cfi=(1912)
cfn=(16382)
calls=190 2997 
* 19190
* 380
+1 380
+1 760
cfi=(1322)
cfn=(16390)
calls=190 3458 
* 6460
* 2280
cfn=(16320)
calls=190 115 
* 3230
+3 1330
cfi=(1915)
cfn=(16168)
calls=190 800 
* 1520
* 1710
cfn=(16320)
calls=190 115 
* 3230
+2 760
cfi=(1915)
cfn=(16162)
calls=190 -8 
* 12350
* 190
+2 760
cfi=(1915)
cfn=(16394)
calls=190 -6 
* 1710
* 380
+6 2280
cfi=(1912)
cfn=(16382)
calls=190 2997 
* 19190
* 380
+1 380
+1 760
cfi=(1322)
cfn=(16390)
calls=190 3458 
* 7420
* 1330
cfn=(16320)
calls=190 115 
* 3230
+1 1330
cfi=(1915)
cfn=(16168)
calls=190 800 
* 1520
* 1710
cfn=(16320)
calls=190 115 
* 3230
+2 760
cfi=(1915)
cfn=(16162)
calls=190 -21 
* 12350
* 190
+2 760
cfi=(1915)
cfn=(16394)
calls=190 -19 
* 1710
* 380
+2 760
cfi=(1912)
cfn=(16440)
calls=190 1722 
* 3420
* 2470
cfn=(16320)
calls=190 115 
* 3230
+1 190
-61 210
+47 380
726 3220
+1 4900
cfn=(16354)
calls=700 126 
* 32900
+2 5635
+1 3220
+1 1610
+1 5250
cfi=(1904)
cfn=(16396)
calls=1050 3247 
* 40970
* 1050
+2 5250
cfn=(16354)
calls=1050 126 
* 49350
+2 13650
cfn=(16400) validate_sized_src
calls=1050 199 
* 209590
-5 6615
+8 8050
+1 1365
cfi=(1904)
cfn=(16352)
calls=455 3260 
* 11025
* 455
+1 1820
+1 2730
+3 2275
cfn=(16354)
calls=455 126 
* 21385
+1 1290
+3 1440
+2 1590
cfn=(16356)
calls=265 225 
* 131840
* 1140
cfn=(16356)
calls=190 225 
* 71250
+1 5460
cfn=(16320)
calls=455 115 
* 7735
+2 910
+1 2470
cfn=(16320)
calls=190 115 
* 3230
+3 2415
cfn=(16362) vectorized_intrinsic
calls=805 443 
* 15120
* 2415
+1 1155
cfn=(16320)
calls=105 115 
* 1785
+2 2415
cfi=(1918)
cfn=(16364)
calls=805 71 
* 12880
* 1610
+1 5250
+1 1050
cfi=(1918)
cfn=(16438)
calls=350 55 
* 8750
* 4200
cfn=(16320)
calls=350 115 
* 5950
+3 2415
cfi=(1918)
cfn=(16366)
calls=805 1095 
* 12880
* 1610
+13 2415
cfi=(1918)
cfn=(16368)
calls=805 1063 
* 12880
* 1610
898 2415
cfi=(1918)
cfn=(16370)
calls=805 575 
* 12880
* 1610
+5 5635

fn=(16354)
126 27785
+1 16671
cfi=(1921)
cfn=(16220)
calls=5557 270 
* 66684
* 38899
cfn=(16320)
calls=5557 -12 
* 94469
+1 16671

fn=(16372) validate_deref_instr
313 3420
+1 2280
+2 8550
cfn=(16320)
calls=570 115 
* 9690
+1 7980
cfn=(16320)
calls=570 115 
* 9690
+1 3420
cfn=(16374) validate_var_use
calls=570 -14 
* 180336
* 570
419 3420
cfn=(16356)
calls=570 225 
* 212240
+5 2850
+5 1680
cfi=(1912)
cfn=(16378)
calls=560 1057 
* 4480
* 7280
cfn=(16320)
calls=560 115 
* 9520
* 1680
+3 1680
cfn=(16380)
calls=560 153 
* 8400
* 1680
-8 2240
cfi=(1317)
cfn=(9838)
calls=560 128 
* 11760
* 3360
cfi=(1317)
cfn=(9840)
calls=560 123 
* 5040
* 10140
+15 2850

fn=(16436)
483 1920
+1 640
+1 960
cfi=(1912)
cfn=(16272)
calls=320 2838 
* 2880
* 320
+2 3520
cfn=(16320)
calls=320 115 
* 5440
* 960
+3 960
cfi=(1912)
cfn=(16116)
calls=320 2946 
* 4160
* 320
+1 3520
cfn=(16320)
calls=320 115 
* 5440
* 960
+3 960
cfi=(1918)
cfn=(16276)
calls=320 1399 
* 8000
* 2880
cfn=(16320)
calls=320 115 
* 5440
+1 960
cfi=(1918)
cfn=(16278)
calls=320 1447 
* 8000
* 2880
cfn=(16320)
calls=320 115 
* 5440
* 320
+1 640

fn=(16418) validate_tex_instr
949 1710
+2 380
+1 9120
-1 14060
+3 380
+1 13440
cfn=(16320)
calls=560 115 
* 9520
+1 6160
+1 2800
cfi=(1904)
cfn=(16420)
calls=560 3566 
* 43580
* 7840
cfn=(16400)
calls=560 199 
* 108640
+3 23120
+13 4940
cfn=(16320)
calls=190 115 
* 3230
+4 190
+8 1710
cfi=(1912)
cfn=(16382)
calls=90 2997 
* 9090
* 180
+1 810
cfn=(16320)
calls=90 115 
* 1530
* 270
+3 540
cfn=(16422) validate_tex_src_texture_deref
calls=90 -81 
* 23590
+1 90
+4 1710
cfi=(1912)
cfn=(16382)
calls=90 2997 
* 9090
* 180
+1 810
cfn=(16320)
calls=90 115 
* 1530
* 270
+3 360
cfi=(1915)
cfn=(16428)
calls=90 548 
* 810
* 630
cfn=(16320)
calls=90 115 
* 1530
+1 90
+30 380
-75 3560
+82 760
+1 380
-1 950
+3 380
+3 2090
cfn=(16320)
calls=190 115 
* 3230
+2 760
+1 2280
cfn=(16320)
calls=190 115 
* 3230
+2 570
cfi=(1904)
cfn=(16434)
calls=190 -30 
* 2280
* 380
+5 950
+3 1140
cfn=(16356)
calls=190 225 
* 71250
+1 1140
cfi=(1912)
cfn=(16246)
calls=190 2623 
* 11970
* 1710
cfn=(16320)
calls=190 115 
* 3230
+3 950
cfi=(1921)
cfn=(16294)
calls=190 279 
* 1520
* 190
+1 3040
cfn=(16320)
calls=190 115 
* 3230
+3 1330

fn=(16464)
1790 850
+1 510
+3 1360
cfi=(1323)
cfn=(9770)
calls=170 219 
* 81315
* 170
+2 850
cfi=(1911)
cfn=(16338)
calls=170 660 
* 32825
* 340
+1 1020
+1 4420
+1 1360
+1 1360
+1 1360
+1 1360
+1 1360
+1 18700
+1 2040
cob=(2)
cfi=(291)
cfn=(1092)
calls=340 198 
* 13332
* 340
+2 680
+1 2040
cfi=(1911)
cfn=(15964)
calls=340 158 
* 46580
-12 2040
cfi=(1911)
cfn=(16338)
calls=340 660 
* 57955
* 1360
+19 1020
+1 850
cfi=(1925)
cfn=(16466)
calls=170 32 
* 197370
+1 1020
+2 680
+1 650
cfi=(1911)
cfn=(16338)
calls=130 660 
* 25125
* 260
+1 780
+1 3380
+1 780
+2 3380
cfn=(16320)
calls=260 115 
* 4420
+1 3380
cfn=(16320)
calls=260 115 
* 4420
+1 3380
cfn=(16320)
calls=260 115 
* 4420
+2 2600
+5 3380
cfn=(16320)
calls=260 115 
* 4420
+1 1300
cfi=(1911)
cfn=(16338)
calls=260 660 
* 129480
* 1040
-15 1560
cfi=(1911)
cfn=(16338)
calls=260 660 
* 44295
* 1040
+20 260
+3 1430
cob=(2)
cfi=(291)
cfn=(1092)
calls=130 198 
* 1896
* 130
* 440
cob=(2)
cfi=(291)
cfn=(1092)
calls=40 198 
* 596
* 40
+1 850
cfn=(16486) validate_ssa_dominance
calls=170 1715 
* 1770556
+3 850
cfi=(1911)
cfn=(16338)
calls=170 660 
* 32825
* 340
+1 1020
+1 4420
+2 2040
+1 1360
cfi=(1323)
cfn=(11546)
calls=340 256 
* 3060
+1 1700
cfi=(1911)
cfn=(16498)
calls=340 256 
* 6120
+2 1360
+1 1360
+1 1360
+1 1360
+1 1360
+1 18700
-13 2040
cfi=(1911)
cfn=(16338)
calls=340 660 
* 57955
* 1360
+16 510
cfi=(1323)
cfn=(11546)
calls=170 256 
* 44166
+1 510
+1 510

fn=(16404) validate_src_tag
168 20020
+1 48048
cfn=(16320)
calls=4004 -54 
* 68068
* 8008
+1 24024
+1 20020
+2 12012

fn=(16422)
908 630
+1 360
cfi=(1915)
cfn=(16424)
calls=90 550 
* 810
* 540
cfi=(1915)
cfn=(16426)
calls=90 549 
* 810
* 540
cfi=(1915)
cfn=(16428)
calls=90 548 
* 810
* 1080
cfn=(16320)
calls=90 115 
* 1530
+4 3510
+26 360
cfi=(1915)
cfn=(16430)
calls=90 -48 
* 2070
* 540
cfi=(1915)
cfn=(16430)
calls=90 -48 
* 2070
* 180
cfi=(1915)
cfn=(16432)
calls=90 146 
* 2050
* 540
cfi=(1921)
cfn=(16202)
calls=90 285 
* 720
* 530
cfi=(1921)
cfn=(16202)
calls=70 285 
* 560
* 1370
cfn=(16320)
calls=90 115 
* 1530
+6 450

fn=(16346)
1222 18510
+1 48126
cfn=(16320)
calls=3702 115 
* 62934
+2 11106
+2 120574
+2 5376
cfi=(1912)
cfn=(16232)
calls=1792 2936 
* 23296
* 8960
cfn=(16408)
calls=1792 244 
* 1871811
+1 1792
+3 1710
cfi=(1912)
cfn=(16154)
calls=570 2938 
* 7410
* 2850
cfn=(16372)
calls=570 313 
* 516236
+1 570
+11 2415
cfi=(1912)
cfn=(16116)
calls=805 2946 
* 10465
* 4025
cfn=(16348)
calls=805 500 
* 1054470
+1 805
+3 570
cfi=(1912)
cfn=(16250)
calls=190 2944 
* 2470
* 950
cfn=(16418)
calls=190 949 
* 426810
+1 190
+3 720
cfi=(1912)
cfn=(16244)
calls=240 2948 
* 3120
* 1200
cfn=(16414)
calls=240 1128 
* 142956
+1 240
+7 315
cfi=(1912)
cfn=(17072)
calls=105 2950 
* 1365
* 525
cfn=(17080) validate_ssa_undef_instr
calls=105 1137 
* 72555
+1 105
+11 7404
+1 11106

fn=(16416)
1095 4290
+6 1950
cob=(2)
cfi=(291)
cfn=(1092)
calls=390 198 
* 5070
* 390
+1 1560
+1 2340
+11 1170
+1 390
+8 2340
cob=(2)
cfi=(288)
cfn=(1086)
calls=390 73 
* 7506
* 390
* 3510
cfn=(16320)
calls=390 115 
* 6630
+1 2340

fn=(16486)
1715 1020
+1 850
cfi=(1925)
cfn=(16466)
calls=170 32 
* 12240
+2 510
cfi=(1904)
cfn=(16470)
calls=170 1927 
* 2720
* 340
+1 510
+1 680
cfi=(1909)
cfn=(16134)
calls=170 124 
* 1530
* 1190
+1 11106
+1 14808
+8 22212
cfi=(1919)
cfn=(16114)
calls=3702 53 
* 953352
+2 22212
cfi=(1919)
cfn=(16118)
calls=3702 47 
* 623772
-12 14808
cfi=(1909)
cfn=(16134)
calls=3702 124 
* 33318
* 33148
+15 510
cfi=(1904)
cfn=(16494)
calls=170 2102 
* 7820
* 170
+1 340
-18 510
cfi=(1904)
cfn=(16472)
calls=170 1906 
* 9180
* 850
+23 850

fn=(16318) validate_var_decl
1633 3850
+1 1650
+3 2750
cfi=(1324)
cfn=(9670)
calls=550 166 
* 8250
* 3850
cfn=(16320)
calls=550 115 
* 9350
+1 7150
cfn=(16320)
calls=550 115 
* 9350
+2 2750
+13 2200
+7 2750
+3 2200
+3 2750
+5 2750
+8 4950
cfi=(1356)
cfn=(9772)
calls=550 580 
* 173746
+3 1100
+1 2200

fn=(16342)
1578 850
+1 2210
cfn=(16320)
calls=170 115 
* 2890
+2 1360
+2 510
cfi=(1912)
cfn=(15994)
calls=170 3714 
* 2210
* 850
cfn=(16344)
calls=170 1415 
* 4889710
+1 170
+13 510

fn=(16374)
304 2850
+1 3420
cfi=(1356)
cfn=(9736)
calls=570 +98 
* 152976
* 570
+1 5130
cfn=(16320)
calls=570 115 
* 9690
+1 3990
+2 1710

fn=(16402)
186 20020
+2 20020
cfn=(16404)
calls=4004 -20 
* 200200
+3 12012
cfi=(1912)
cfn=(16406)
calls=4004 1063 
* 88088
* 48048
cfn=(16320)
calls=4004 -76 
* 68068
+2 44044
cfn=(16320)
calls=4004 -78 
* 68068
+1 12012

fn=(16442)
1385 1700
+1 680
+1 4080
+4 1530
cfi=(1911)
cfn=(16444)
calls=170 354 
* 43442
* 1530
cfn=(16320)
calls=170 115 
* 2890
+4 1530
cfi=(1911)
cfn=(16444)
calls=170 354 
* 43010
* 1530
cfn=(16320)
calls=170 115 
* 2890
+3 1530
cfn=(16448) validate_phi_srcs
calls=170 1296 
* 7480
* 170
-10 510
-2 2720
+16 1360
cfi=(1912)
cfn=(16350)
calls=340 3672 
* 2380
* 680
+1 1870
cfn=(16320)
calls=170 115 
* 2890
+2 1700
cfi=(1911)
cfn=(16338)
calls=340 660 
* 131610
* 680
+1 510
+1 1020
cfi=(1911)
cfn=(16444)
calls=170 354 
* 43010
* 1530
cfn=(16320)
calls=170 115 
* 2890
+1 2380
cfn=(16320)
calls=170 115 
* 2890
-3 1020
cfi=(1911)
cfn=(16338)
calls=170 660 
* 40770
* 1190
+6 1360

fn=(17080)
1137 525
+1 630
cfn=(16356)
calls=105 225 
* 71085
+1 315

fn=(16304)
2265 1360
+1 1360
+4 510
cfn=(16306) init_validate_state
calls=170 -63 
* 202640
+2 340
+2 170
+17 850
cfi=(1923)
cfn=(16314)
calls=170 117 
* 2890
* 340
+3 680
+1 340
-1 340
+2 340
-1 340
+4 680
+1 340
-1 340
+4 680
+4 680
cfi=(1909)
cfn=(16316)
calls=170 315 
* 15640
+1 680
cfi=(1909)
cfn=(16134)
calls=170 124 
* 1530
* 1190
+1 3300
cfn=(16318)
calls=550 1633 
* 243596
-1 2200
cfi=(1909)
cfn=(16134)
calls=550 124 
* 4950
* 4780
+3 680
cfi=(1909)
cfn=(16316)
calls=170 315 
* 9180
+1 680
cfi=(1909)
cfn=(16134)
calls=170 124 
* 1530
* 1190
+1 850
cfn=(16322)
calls=170 2198 
* 8226286
-1 680
cfi=(1909)
cfn=(16134)
calls=170 124 
* 1530
* 1360
+4 680
+12 850
cfi=(1324)
cfn=(16500)
calls=170 144 
* 1700
* 1190
cfn=(16320)
calls=170 115 
* 2890
+2 850
cfi=(1324)
cfn=(9670)
calls=170 166 
* 2550
* 1190
cfn=(16320)
calls=170 115 
* 2890
+2 850
cfi=(1324)
cfn=(9670)
calls=170 166 
* 2550
* 1190
cfn=(16320)
calls=170 115 
* 2890
+2 1870
cfn=(16320)
calls=170 115 
* 2890
+1 1870
cfn=(16320)
calls=170 115 
* 2890
+1 2380
cfn=(16320)
calls=170 115 
* 2890
+2 2210
cfn=(16320)
calls=170 115 
* 2890
+3 510
cfi=(1924)
cfn=(16460)
calls=170 107 
* 1190
* 340
+3 510
cfn=(16502)
calls=170 2223 
* 77719
* 170
+1 850

fn=(16362)
443 2415
+1 5635
+2 3220
+1 1400
+2 735
+4 105
+1 1610

fn=(16458)
1494 850
+1 2210
cfn=(16320)
calls=170 115 
* 2890
+2 680
cfi=(1909)
cfn=(16316)
calls=170 315 
* 6290
+1 680
cfi=(1909)
cfn=(15990)
calls=170 171 
* 1870
* 1190
cfn=(16320)
calls=170 115 
* 2890
+2 1870
cfn=(16320)
calls=170 115 
* 2890
+1 1870
cfn=(16320)
calls=170 115 
* 2890
+1 850
cfn=(16442)
calls=170 1385 
* 152830
+1 510

fn=(16608)
1745 650
+1 130
+1 390
cfi=(1904)
cfn=(16470)
calls=130 1927 
* 2080
* 260
+1 390
+1 1430
cfn=(16320)
calls=130 115 
* 2210
+1 130
-3 390
cfi=(1904)
cfn=(16472)
calls=130 1906 
* 7020
* 650
+5 260
+1 1430
cfn=(16320)
calls=130 115 
* 2210
+1 1820
cfn=(16320)
calls=130 115 
* 2210
+1 390

fn=(16306)
2207 680
+1 340
cfi=(1323)
cfn=(9424)
calls=170 104 
* 22950
* 340
+1 340
+1 680
cfi=(1911)
cfn=(16308)
calls=170 681 
* 53380
* 340
+1 680
cfi=(1356)
cfn=(16312)
calls=170 811 
* 55420
* 340
+1 680
cfi=(1356)
cfn=(16312)
calls=170 811 
* 63920
* 340
+1 340
+2 340
+1 340
+1 340
+1 340
+1 510

fn=(16400)
199 11270
+1 8050
cfn=(16402)
calls=1610 -14 
* 233450
+2 3220
+1 2660
cfn=(16320)
calls=190 -88 
* 3230
+1 3220
+1 20930
cfn=(16320)
calls=1610 -90 
* 27370
+1 4830

fn=(16448)
1296 1020
+1 510
cfi=(1912)
cfn=(16450)
calls=170 3306 
* 4590
* 680
+3 680

fn=(16488)
1687 16760
+1 6704
+2 46928
cfn=(16320)
calls=3352 115 
* 56984
+1 83800
cfn=(16320)
calls=3352 115 
* 56984
+1 80448
+2 3352
+1 6704

fl=(1964)
fn=(16960)
391 160
+1 200
+1 120
-1 80
+2 80
-1 80
+2 280
cfn=(16962) llvmpipe_nir_is_linear_compat
calls=40 -30 
* 16468
-1 80
+4 80
+2 160

fn=(16962)
365 320
+1 120
+2 160
cfi=(1324)
cfn=(16964)
calls=40 +12 
* 1200
* 80
+3 360
+1 120
-1 80
+2 30
+2 50
+1 75
cfi=(1912)
cfn=(16510)
calls=25 3994 
* 850
* 150
+1 150
cfn=(16966) llvmpipe_nir_fn_is_linear_compat
calls=25 217 
* 12273
* 75
+1 50
-2 125
+6 200

fn=(16968) check_load_const_in_zero_one
192 39
+1 52
+2 26
+1 65
+1 130
-2 143
+6 13
+1 26

fn=(16966)
217 225
+1 75
cfi=(1912)
cfn=(16350)
calls=25 3672 
* 175
* 50
+1 100
cfi=(1909)
cfn=(16134)
calls=25 -95 
* 225
* 325
cfi=(1909)
cfn=(16134)
calls=25 -95 
* 225
* 175
+1 1810
+2 114
cfi=(1912)
cfn=(16154)
calls=38 2938 
* 494
* 38
+1 152
+2 228
+6 39
cfi=(1912)
cfn=(16244)
calls=13 2948 
* 169
* 13
+1 39
cfn=(16968)
calls=13 -40 
* 494
* 39
+6 75
cfi=(1912)
cfn=(16116)
calls=25 2946 
* 325
* 25
+1 100
+5 100
+7 100
+15 39
cfi=(1912)
cfn=(16250)
calls=13 2944 
* 169
* 13
+1 156
+1 52
+1 13
+2 26
+1 143
+1 169
cfn=(16970) get_texcoord_provenance
calls=13 152 
* 819
* 39
+4 26
-6 52
+50 111
cfi=(1912)
cfn=(16232)
calls=37 2936 
* 481
* 37
+1 518
+5 25
+22 24
-22 25
+24 25
228 76
+7 26
+28 25
-44 1212
cfi=(1909)
cfn=(16134)
calls=101 -95 
* 909
* 959
-1 50
359 125

fn=(16970)
152 117
+1 52
+3 52
cfi=(1912)
cfn=(16272)
calls=13 2838 
* 117
* 13
+1 78
+3 39
cfi=(1912)
cfn=(16232)
calls=13 2936 
* 169
* 13
+1 78
+1 26
+21 65

fl=(1516)
fn=(16000)
102 120
+2 120
+25 80

fl=(1937)
fn=(16650)
70 1260
+1 270
cfi=(1912)
cfn=(16116)
calls=90 2946 
* 1170
* 90
+3 990
+1 90
+2 180
+2 1620
+80 540
cfi=(1912)
cfn=(16382)
calls=45 2997 
* 4545
* 90
+1 180
cfi=(1912)
cfn=(16652)
calls=45 1755 
* 3600
* 135
+1 90
345 990

fn=(16636)
362 160
+1 240
cfi=(1904)
cfn=(16638)
calls=40 2374 
* 167720
* 40
+8 80
+3 160
cfi=(1909)
cfn=(16134)
calls=40 124 
* 360
* 520
cfi=(1909)
cfn=(16134)
calls=40 124 
* 360
* 800
cfi=(1912)
cfn=(16618)
calls=130 890 
* 2210
* 1500
cfi=(1909)
cfn=(16134)
calls=90 124 
* 810
* 930
+3 40
+1 80

fn=(16656)
805 320
+1 200
cfi=(1923)
cfn=(16658)
calls=40 108 
* 600
* 120
+1 80
+19 200

fn=(16644)
64 3480
+1 3480
+1 1740

ob=(14)
fl=(233) ???
fn=(838) (below main)
cob=(2)
cfi=(234)
cfn=(840)
calls=0 242 
0 27482953

fl=(240)
fn=(906) init_display
cfn=(958) init_xcb
calls=0 831 
1722 27482953

fn=(868)
cfn=(906)
calls=0 1711 
1819 27482953

fn=(958)
cfn=(1294) init_vk
calls=0 138 
883 27482953

fn=(1294)
cob=(10) /usr/lib/libvulkan.so.1.4.335
cfi=(315) /usr/src/debug/vulkan-icd-loader/Vulkan-Loader/loader/trampoline.c
cfn=(10154) vkCreateDevice
calls=0 991 
190 27482953

ob=(1) /usr/lib/ld-linux-x86-64.so.2
fl=(1) ???
fn=(0) 0x000000000001eb40
cob=(14)
cfi=(233)
cfn=(838)
calls=0 0 
0 27482953

ob=(15)
fl=(1515)
fn=(11394)
823 440
+5 2200
+1 2640
+1 2200
+1 1320
+9 440

ob=(10)
fl=(208) /usr/src/debug/vulkan-icd-loader/Vulkan-Loader/loader/loader.c
fn=(10158) loader_layer_create_device
cfn=(10164) loader_create_device_chain
calls=0 5289 
4868 27482953

fn=(10164)
cfn=(10178) terminator_CreateDevice
calls=0 6183 
5511 27482953

fn=(10178)
cob=(39)
cfi=(1381)
cfn=(10186)
calls=0 75 
6453 27482953

fl=(315)
fn=(10154)
cfi=(208)
cfn=(10158)
calls=0 4816 
998 27482953

totals: 27482953
